step,scaled_z,scaled_omega,scaled_candidate,scaled_noise,coherence,entropy,drift,admissible,promotion_status,timestamp_utc,codon,glyphs,previous_hash_sha256,hash_sha256
0,6842,6827,6839,1,9967,3,3,True,FOSSILIZED,2026-01-01T00:00:00Z,ATG,⧖⧖,0000000000000000000000000000000000000000000000000000000000000000,8b67a2984fa07b94e14001ed355a2ebc6e3a7fd160036ae8b68ed53d8d031d29
1,6839,6824,6836,1,9970,0,3,True,FOSSILIZED,2026-01-01T00:00:01Z,CCC,⧃⧃,8b67a2984fa07b94e14001ed355a2ebc6e3a7fd160036ae8b68ed53d8d031d29,f7d5c2b633b554c84ddecc8a97afa709c802b327e759a92fb1d4dfaec4493226
2,6836,6821,6832,0,9959,1,4,True,FOSSILIZED,2026-01-01T00:00:02Z,TTG,⧖⧊,f7d5c2b633b554c84ddecc8a97afa709c802b327e759a92fb1d4dfaec4493226,293d8c124e6931f21484e85d7cf1ff5369313feb21e8571fb61b846ee48c9149
3,6832,6817,6828,0,9960,0,4,True,FOSSILIZED,2026-01-01T00:00:03Z,AAA,⧉,293d8c124e6931f21484e85d7cf1ff5369313feb21e8571fb61b846ee48c9149,5f90aebd3c4a656bd6d402c80b89a9828463b58476e7f5333cc25112133dffad
4,6828,6813,6824,0,9960,0,4,True,FOSSILIZED,2026-01-01T00:00:04Z,TTC,⧈,5f90aebd3c4a656bd6d402c80b89a9828463b58476e7f5333cc25112133dffad,39a7384d06c77a948b80347008d65b09408f781195ff21edf711ea1e2bf40d40
5,6824,6809,6821,1,9969,1,3,True,FOSSILIZED,2026-01-01T00:00:05Z,GAC,⧆,39a7384d06c77a948b80347008d65b09408f781195ff21edf711ea1e2bf40d40,bb1d0f139bfee937c28a7a4605b91d6992af62551ba1cc48effeade9e1de9113
6,6821,6806,6816,-1,9948,2,5,True,FOSSILIZED,2026-01-01T00:00:06Z,ATC,⧇,bb1d0f139bfee937c28a7a4605b91d6992af62551ba1cc48effeade9e1de9113,2ac30f88fbde734bba11fbb4e786c75468e17289395d8347eb340cffa6e7b973
7,6816,6801,6812,0,9959,1,4,True,FOSSILIZED,2026-01-01T00:00:07Z,CTT,⧊,2ac30f88fbde734bba11fbb4e786c75468e17289395d8347eb340cffa6e7b973,583f2a9cff2294e151b70dce7b9c02faef9629e8414277bd5f7c0e1cdd84429e
8,6812,6797,6809,1,9969,1,3,True,FOSSILIZED,2026-01-01T00:00:08Z,ATG,⧖⧖,583f2a9cff2294e151b70dce7b9c02faef9629e8414277bd5f7c0e1cdd84429e,065dec0b3d161a4fc060fb13905805bbfd2dec50415171be1563aa48697182b7
9,6809,6794,6804,-1,9948,2,5,True,FOSSILIZED,2026-01-01T00:00:09Z,CCC,⧃⧃,065dec0b3d161a4fc060fb13905805bbfd2dec50415171be1563aa48697182b7,e40929c9a85e31fc2dcd62d152caef235e868348c78606d0f8d3c1c8e9206de2
10,6804,6789,6799,-1,9950,0,5,True,FOSSILIZED,2026-01-01T00:00:10Z,TTG,⧖⧊,e40929c9a85e31fc2dcd62d152caef235e868348c78606d0f8d3c1c8e9206de2,357c145872b2714c5ae9d5418b1a6f7ca7aaa59c8063c153dbe219893cb16608
11,6799,6784,6796,1,9968,2,3,True,FOSSILIZED,2026-01-01T00:00:11Z,AAA,⧉,357c145872b2714c5ae9d5418b1a6f7ca7aaa59c8063c153dbe219893cb16608,301afb56a5f609804d5525a1642d807370d50e772bea936fabf16ea5a24eda5f
12,6796,6781,6791,-1,9948,2,5,True,FOSSILIZED,2026-01-01T00:00:12Z,TTC,⧈,301afb56a5f609804d5525a1642d807370d50e772bea936fabf16ea5a24eda5f,fbd1f32c2b0754f2bfe9f8c614efacdf639554b263f518cabbd39056796a24f4
13,6791,6776,6788,1,9968,2,3,True,FOSSILIZED,2026-01-01T00:00:13Z,GAC,⧆,fbd1f32c2b0754f2bfe9f8c614efacdf639554b263f518cabbd39056796a24f4,ba58c65ef57416e5ddb388bafe099c8079a28aeaea5af7f4fe7202b2ea231a67
14,6788,6773,6783,-1,9948,2,5,True,FOSSILIZED,2026-01-01T00:00:14Z,ATC,⧇,ba58c65ef57416e5ddb388bafe099c8079a28aeaea5af7f4fe7202b2ea231a67,5249c1de313f59e1005cc42079c9cfb2fc8c41ce23a28d40d4829cd3a151952d
15,6783,6768,6778,-1,9950,0,5,True,FOSSILIZED,2026-01-01T00:00:15Z,CTT,⧊,5249c1de313f59e1005cc42079c9cfb2fc8c41ce23a28d40d4829cd3a151952d,721eade0cd8c888fd183f37caac0f0f1b47fa1192de92b3573904d16e6a56325
16,6778,6763,6774,0,9959,1,4,True,FOSSILIZED,2026-01-01T00:00:16Z,ATG,⧖⧖,721eade0cd8c888fd183f37caac0f0f1b47fa1192de92b3573904d16e6a56325,c48e13db3ae42707163ecb3a4fbeb85f7f712ad048d480f1872e7703f27a60f8
17,6774,6759,6771,1,9969,1,3,True,FOSSILIZED,2026-01-01T00:00:17Z,CCC,⧃⧃,c48e13db3ae42707163ecb3a4fbeb85f7f712ad048d480f1872e7703f27a60f8,9a56f68ba2112e39831aedafc92c790ec7dd08a4b7316555ddc80269427b81b2
18,6771,6756,6766,-1,9948,2,5,True,FOSSILIZED,2026-01-01T00:00:18Z,TTG,⧖⧊,9a56f68ba2112e39831aedafc92c790ec7dd08a4b7316555ddc80269427b81b2,2c9f70756a127b9a75475c336beaecdc101cb3177f9afbb143f497d6840b275d
19,6766,6751,6762,0,9959,1,4,True,FOSSILIZED,2026-01-01T00:00:19Z,AAA,⧉,2c9f70756a127b9a75475c336beaecdc101cb3177f9afbb143f497d6840b275d,9d7965d2035bd6d205f778656fd9391551f376fb3f64a7fe4055e0cd28f56091
20,6762,6747,6759,1,9969,1,3,True,FOSSILIZED,2026-01-01T00:00:20Z,TTC,⧈,9d7965d2035bd6d205f778656fd9391551f376fb3f64a7fe4055e0cd28f56091,685bd2de236ea002c4fbca56297cbb14761e0b00b7b01030c14d9ce055595c1e
21,6759,6744,6756,1,9970,0,3,True,FOSSILIZED,2026-01-01T00:00:21Z,GAC,⧆,685bd2de236ea002c4fbca56297cbb14761e0b00b7b01030c14d9ce055595c1e,2ccdb04401ff1f5519b6f7a172844c9eb2e2e5d857c18483f68e4327f96ecc09
22,6756,6741,6752,0,9959,1,4,True,FOSSILIZED,2026-01-01T00:00:22Z,ATC,⧇,2ccdb04401ff1f5519b6f7a172844c9eb2e2e5d857c18483f68e4327f96ecc09,2a2f63180f1b7cc523a4ad8695ae35e3b4629f793392eb20399ee774ed87a3c4
23,6752,6737,6748,0,9960,0,4,True,FOSSILIZED,2026-01-01T00:00:23Z,CTT,⧊,2a2f63180f1b7cc523a4ad8695ae35e3b4629f793392eb20399ee774ed87a3c4,8521ac3aaaf97b1a5c8ec347b99342c73c155823569437dc902a54275b8cc1ad
24,6748,6733,6744,0,9960,0,4,True,FOSSILIZED,2026-01-01T00:00:24Z,ATG,⧖⧖,8521ac3aaaf97b1a5c8ec347b99342c73c155823569437dc902a54275b8cc1ad,fcbf697b1f2bf0550035cd67704d69e641646251e445d7305d5ec4f5d7257013
25,6744,6729,6740,0,9960,0,4,True,FOSSILIZED,2026-01-01T00:00:25Z,CCC,⧃⧃,fcbf697b1f2bf0550035cd67704d69e641646251e445d7305d5ec4f5d7257013,7bb7553acf3b9330317cd821393e221a66cfd004ff39da85f73b07929a782b3d
26,6740,6725,6736,0,9960,0,4,True,FOSSILIZED,2026-01-01T00:00:26Z,TTG,⧖⧊,7bb7553acf3b9330317cd821393e221a66cfd004ff39da85f73b07929a782b3d,d00f4e3e9301c3b3861c3ca25dc937ca8112e98890bc1c05b26738e2c4d1059f
27,6736,6721,6733,1,9969,1,3,True,FOSSILIZED,2026-01-01T00:00:27Z,AAA,⧉,d00f4e3e9301c3b3861c3ca25dc937ca8112e98890bc1c05b26738e2c4d1059f,01ced9305f8ba474cac02c1f5c49a28b485cb44f35767406b0835247613365d9
28,6733,6718,6730,1,9970,0,3,True,FOSSILIZED,2026-01-01T00:00:28Z,TTC,⧈,01ced9305f8ba474cac02c1f5c49a28b485cb44f35767406b0835247613365d9,ee6324b703a839f2dcc983de0c14b60144b8616565d4c5be3d2faf97b7ef3af6
29,6730,6715,6727,1,9970,0,3,True,FOSSILIZED,2026-01-01T00:00:29Z,GAC,⧆,ee6324b703a839f2dcc983de0c14b60144b8616565d4c5be3d2faf97b7ef3af6,38fe7d605d1a3bc79a45bb3858d2f30206dae4a7c516494d286d9011ff26f836
30,6727,6712,6723,0,9959,1,4,True,FOSSILIZED,2026-01-01T00:00:30Z,ATC,⧇,38fe7d605d1a3bc79a45bb3858d2f30206dae4a7c516494d286d9011ff26f836,bef158ec64648e59ba563306811fb2af3f4a6d56fd9285cf4cfc2d9ac4890a44
31,6723,6708,6720,1,9969,1,3,True,FOSSILIZED,2026-01-01T00:00:31Z,CTT,⧊,bef158ec64648e59ba563306811fb2af3f4a6d56fd9285cf4cfc2d9ac4890a44,9ea298fd4949cd41ab7a8e729d4c0910e3bcce6afe91e004834e9f4d118faa78
32,6720,6705,6715,-1,9948,2,5,True,FOSSILIZED,2026-01-01T00:00:32Z,ATG,⧖⧖,9ea298fd4949cd41ab7a8e729d4c0910e3bcce6afe91e004834e9f4d118faa78,c8d91817088243cefcadd23db67fba68c90d8ccae7d084f5f790e5197f61a369
33,6715,6700,6711,0,9959,1,4,True,FOSSILIZED,2026-01-01T00:00:33Z,CCC,⧃⧃,c8d91817088243cefcadd23db67fba68c90d8ccae7d084f5f790e5197f61a369,929f5bf3e8f9ef9da0f4cf699edcb7a81fb86db77ec8f6779d11ef6abd915462
34,6711,6696,6708,1,9969,1,3,True,FOSSILIZED,2026-01-01T00:00:34Z,TTG,⧖⧊,929f5bf3e8f9ef9da0f4cf699edcb7a81fb86db77ec8f6779d11ef6abd915462,fe18d17019bbf720aedf2e55472186dc65ed54894c0581d189c00ae1c6d353a6
35,6708,6693,6703,-1,9948,2,5,True,FOSSILIZED,2026-01-01T00:00:35Z,AAA,⧉,fe18d17019bbf720aedf2e55472186dc65ed54894c0581d189c00ae1c6d353a6,bc159de0829f40a85e87e2c0251ec07431479540ce0d0b616372fbe6e43daaf7
36,6703,6688,6699,0,9959,1,4,True,FOSSILIZED,2026-01-01T00:00:36Z,TTC,⧈,bc159de0829f40a85e87e2c0251ec07431479540ce0d0b616372fbe6e43daaf7,562c2c1499be97a4172b6038bae3202a126b6787a5c51b341e9e13da05c0737c
37,6699,6684,6695,0,9960,0,4,True,FOSSILIZED,2026-01-01T00:00:37Z,GAC,⧆,562c2c1499be97a4172b6038bae3202a126b6787a5c51b341e9e13da05c0737c,813e65204e57bddb449b019faec2091cfe90c26aad72e297f0b7512ac3530a3f
38,6695,6680,6691,0,9960,0,4,True,FOSSILIZED,2026-01-01T00:00:38Z,ATC,⧇,813e65204e57bddb449b019faec2091cfe90c26aad72e297f0b7512ac3530a3f,df9b48b54bb2878b64772aa7cf03ecbbcf94b3ae0eae75f424529c2657b374d0
39,6691,6676,6687,0,9960,0,4,True,FOSSILIZED,2026-01-01T00:00:39Z,CTT,⧊,df9b48b54bb2878b64772aa7cf03ecbbcf94b3ae0eae75f424529c2657b374d0,31730eee1d8b476c94c65c0f715de2199424ea3a027f0f577428c25b9acad3db
40,6687,6672,6684,1,9969,1,3,True,FOSSILIZED,2026-01-01T00:00:40Z,ATG,⧖⧖,31730eee1d8b476c94c65c0f715de2199424ea3a027f0f577428c25b9acad3db,a22336c821942dc57441b4508ada46f69e71e62b231bb311bd2c325ef79a1f80
41,6684,6669,6679,-1,9948,2,5,True,FOSSILIZED,2026-01-01T00:00:41Z,CCC,⧃⧃,a22336c821942dc57441b4508ada46f69e71e62b231bb311bd2c325ef79a1f80,05e09ecfc7875c5b726aec4dfa440c60cc43467f83581d2d4bbc1a9b59ddb18f
42,6679,6664,6676,1,9968,2,3,True,FOSSILIZED,2026-01-01T00:00:42Z,TTG,⧖⧊,05e09ecfc7875c5b726aec4dfa440c60cc43467f83581d2d4bbc1a9b59ddb18f,a4c5d2c4f190e60f9887c068120802a3f54a9e0fe06a2886d501cca3077cd386
43,6676,6661,6672,0,9959,1,4,True,FOSSILIZED,2026-01-01T00:00:43Z,AAA,⧉,a4c5d2c4f190e60f9887c068120802a3f54a9e0fe06a2886d501cca3077cd386,99ecae0d173b63fdaf48f8eafb8ac9c9a534b58aff1b78c8a2324d8693179b20
44,6672,6657,6667,-1,9949,1,5,True,FOSSILIZED,2026-01-01T00:00:44Z,TTC,⧈,99ecae0d173b63fdaf48f8eafb8ac9c9a534b58aff1b78c8a2324d8693179b20,56c69231d923443599b5bbf7990c2c0f8112500f89338357822198c6a66446e0
45,6667,6652,6664,1,9968,2,3,True,FOSSILIZED,2026-01-01T00:00:45Z,GAC,⧆,56c69231d923443599b5bbf7990c2c0f8112500f89338357822198c6a66446e0,073f1d42b43aaa5c8e5b15d91e23ba44a5457600e790eafda32ce2e2be7c6038
46,6664,6649,6661,1,9970,0,3,True,FOSSILIZED,2026-01-01T00:00:46Z,ATC,⧇,073f1d42b43aaa5c8e5b15d91e23ba44a5457600e790eafda32ce2e2be7c6038,ddf9d436db7f95baef2be383fd38b04a7a383da5346ac141704b7cd1d0fc9a16
47,6661,6646,6656,-1,9948,2,5,True,FOSSILIZED,2026-01-01T00:00:47Z,CTT,⧊,ddf9d436db7f95baef2be383fd38b04a7a383da5346ac141704b7cd1d0fc9a16,28622062e1857b86d8771515bcceec082ead090b915b15fe9e1efd64eeed43ae
48,6656,6641,6652,0,9959,1,4,True,FOSSILIZED,2026-01-01T00:00:48Z,ATG,⧖⧖,28622062e1857b86d8771515bcceec082ead090b915b15fe9e1efd64eeed43ae,9d045fb15cabbd1f206c53de5e59296e75165ccbad5bfd8b03cd46dc509d7a08
49,6652,6637,6648,0,9960,0,4,True,FOSSILIZED,2026-01-01T00:00:49Z,CCC,⧃⧃,9d045fb15cabbd1f206c53de5e59296e75165ccbad5bfd8b03cd46dc509d7a08,dc6931a4946cbaf5f62eaec612c92bbeec03b50831a4142071fb41ff724e26a5
50,6648,6633,6643,-1,9949,1,5,True,FOSSILIZED,2026-01-01T00:00:50Z,TTG,⧖⧊,dc6931a4946cbaf5f62eaec612c92bbeec03b50831a4142071fb41ff724e26a5,c4e0d7c8cd5cd579e2b106cb2b424f657e620c599c698c30d314b323a8645df5
51,6643,6628,6639,0,9959,1,4,True,FOSSILIZED,2026-01-01T00:00:51Z,AAA,⧉,c4e0d7c8cd5cd579e2b106cb2b424f657e620c599c698c30d314b323a8645df5,2bc901b413d1d1b0bda8fd9ecfa07ed68ea9515046b331d9bd8c23b56f262662
52,6639,6624,6635,0,9960,0,4,True,FOSSILIZED,2026-01-01T00:00:52Z,TTC,⧈,2bc901b413d1d1b0bda8fd9ecfa07ed68ea9515046b331d9bd8c23b56f262662,4d7af86356b40790741f89432c7575e7aa2bbb32e4ead42aff721f1f1823a80c
53,6635,6620,6632,1,9969,1,3,True,FOSSILIZED,2026-01-01T00:00:53Z,GAC,⧆,4d7af86356b40790741f89432c7575e7aa2bbb32e4ead42aff721f1f1823a80c,54333a6c8785dda51e78d393e6c79d69d5ea251cb2c0afefb7d63d2cd65cc6fe
54,6632,6617,6627,-1,9948,2,5,True,FOSSILIZED,2026-01-01T00:00:54Z,ATC,⧇,54333a6c8785dda51e78d393e6c79d69d5ea251cb2c0afefb7d63d2cd65cc6fe,5a24776f6359b661cd22e05050b930c034200802c4c00cb5bc6221424cc65d30
55,6627,6612,6623,0,9959,1,4,True,FOSSILIZED,2026-01-01T00:00:55Z,CTT,⧊,5a24776f6359b661cd22e05050b930c034200802c4c00cb5bc6221424cc65d30,2cb02a501a63a68e3bee900a573d274c1b6acb720c00543eb775db322da94e5c
56,6623,6608,6618,-1,9949,1,5,True,FOSSILIZED,2026-01-01T00:00:56Z,ATG,⧖⧖,2cb02a501a63a68e3bee900a573d274c1b6acb720c00543eb775db322da94e5c,73a7d3acef78b8032b73a9e7be43d1a4ca62d1939ce62ee536ca8d86d1cd605b
57,6618,6603,6614,0,9959,1,4,True,FOSSILIZED,2026-01-01T00:00:57Z,CCC,⧃⧃,73a7d3acef78b8032b73a9e7be43d1a4ca62d1939ce62ee536ca8d86d1cd605b,d0accf104591bf5820f748786aeea7baeac5eeca9394e29cc814260c24e9e910
58,6614,6599,6611,1,9969,1,3,True,FOSSILIZED,2026-01-01T00:00:58Z,TTG,⧖⧊,d0accf104591bf5820f748786aeea7baeac5eeca9394e29cc814260c24e9e910,00da6dd5398aecaea5924ffa5b8644189659631d85b3d12978ba6841fe34dd39
59,6611,6596,6608,1,9970,0,3,True,FOSSILIZED,2026-01-01T00:00:59Z,AAA,⧉,00da6dd5398aecaea5924ffa5b8644189659631d85b3d12978ba6841fe34dd39,35b526a713cc17e29dfc2a589817ba41b20dca2aadd97440574c43ccca49967b
60,6608,6593,6605,1,9970,0,3,True,FOSSILIZED,2026-01-01T00:01:00Z,TTC,⧈,35b526a713cc17e29dfc2a589817ba41b20dca2aadd97440574c43ccca49967b,52b2af4370f164090f2e282b7e8f696ad1121c67d2e565c8531e3dc944c69dcf
61,6605,6590,6600,-1,9948,2,5,True,FOSSILIZED,2026-01-01T00:01:01Z,GAC,⧆,52b2af4370f164090f2e282b7e8f696ad1121c67d2e565c8531e3dc944c69dcf,b7482a6aa6c80816824c0052612ab249dbef62b7382e3b048ab04f88944e0c42
62,6600,6585,6596,0,9959,1,4,True,FOSSILIZED,2026-01-01T00:01:02Z,ATC,⧇,b7482a6aa6c80816824c0052612ab249dbef62b7382e3b048ab04f88944e0c42,2f690c9c50cd335988fe308b24eb7bd1603e71b2b76d8b0f65dbb66eb3b9082f
63,6596,6581,6591,-1,9949,1,5,True,FOSSILIZED,2026-01-01T00:01:03Z,CTT,⧊,2f690c9c50cd335988fe308b24eb7bd1603e71b2b76d8b0f65dbb66eb3b9082f,b35fb2e56ceb26ad5d964cf115579c37b38029d2258c67b941f2ce7acf335148
64,6591,6576,6587,0,9959,1,4,True,FOSSILIZED,2026-01-01T00:01:04Z,ATG,⧖⧖,b35fb2e56ceb26ad5d964cf115579c37b38029d2258c67b941f2ce7acf335148,e6ba3d84ea2a2160aacec908e0b43870e01e8c1700862857bd28f2a61dfc779d
65,6587,6572,6582,-1,9949,1,5,True,FOSSILIZED,2026-01-01T00:01:05Z,CCC,⧃⧃,e6ba3d84ea2a2160aacec908e0b43870e01e8c1700862857bd28f2a61dfc779d,667aa12bb8a49081c1dd3c66fd451b62a0e57d0e3d29373dda828e270c2d418a
66,6582,6567,6577,-1,9950,0,5,True,FOSSILIZED,2026-01-01T00:01:06Z,TTG,⧖⧊,667aa12bb8a49081c1dd3c66fd451b62a0e57d0e3d29373dda828e270c2d418a,052b355b9f49cf511779430d26c1e7600ff3bd13304c40afb36564c59ec8f78b
67,6577,6562,6574,1,9968,2,3,True,FOSSILIZED,2026-01-01T00:01:07Z,AAA,⧉,052b355b9f49cf511779430d26c1e7600ff3bd13304c40afb36564c59ec8f78b,4e52c69f2dfd90ccdc0e4a45ca25dfae9178282953eca524989318ff92438224
68,6574,6559,6570,0,9959,1,4,True,FOSSILIZED,2026-01-01T00:01:08Z,TTC,⧈,4e52c69f2dfd90ccdc0e4a45ca25dfae9178282953eca524989318ff92438224,5e900c0f3b9d7a0ecf76b93526473869b8ef415f18cdc867487c83b9dffac58c
69,6570,6555,6567,1,9969,1,3,True,FOSSILIZED,2026-01-01T00:01:09Z,GAC,⧆,5e900c0f3b9d7a0ecf76b93526473869b8ef415f18cdc867487c83b9dffac58c,033135f4cf4abc5cda2760ab3d49471cbf7307d8e0db27a6af41106bc34ffb25
70,6567,6551,6563,0,9959,1,4,True,FOSSILIZED,2026-01-01T00:01:10Z,ATC,⧇,033135f4cf4abc5cda2760ab3d49471cbf7307d8e0db27a6af41106bc34ffb25,0e8dc442c4965944333cd179ac6a552610a17c84d1f100d48272060d27f7717f
71,6563,6547,6559,0,9960,0,4,True,FOSSILIZED,2026-01-01T00:01:11Z,CTT,⧊,0e8dc442c4965944333cd179ac6a552610a17c84d1f100d48272060d27f7717f,0d1cf1ec666a7fd0471d133b2db0e56c623c1ffb79c471df0876656687ac120c
72,6559,6543,6555,0,9960,0,4,True,FOSSILIZED,2026-01-01T00:01:12Z,ATG,⧖⧖,0d1cf1ec666a7fd0471d133b2db0e56c623c1ffb79c471df0876656687ac120c,636d74fbb1d8a1436c9060394a0ed49fc7d8db5da463f96fafebcc1ee402c50f
73,6555,6539,6551,0,9960,0,4,True,FOSSILIZED,2026-01-01T00:01:13Z,CCC,⧃⧃,636d74fbb1d8a1436c9060394a0ed49fc7d8db5da463f96fafebcc1ee402c50f,915cbdaf41039edddc9055b1a34f49ca092b4c4914f15f0b0297bc42736d0f60
74,6551,6535,6546,-1,9949,1,5,True,FOSSILIZED,2026-01-01T00:01:14Z,TTG,⧖⧊,915cbdaf41039edddc9055b1a34f49ca092b4c4914f15f0b0297bc42736d0f60,9adf87393d8a2916fdc90187e463565fe561ddc533f909881c26d1ccba8d38ae
75,6546,6530,6543,1,9968,2,3,True,FOSSILIZED,2026-01-01T00:01:15Z,AAA,⧉,9adf87393d8a2916fdc90187e463565fe561ddc533f909881c26d1ccba8d38ae,a4145bec2e86bcae34409c18b0f83d8204d3934ba18162bda5b35863f9a79fcb
76,6543,6527,6539,0,9959,1,4,True,FOSSILIZED,2026-01-01T00:01:16Z,TTC,⧈,a4145bec2e86bcae34409c18b0f83d8204d3934ba18162bda5b35863f9a79fcb,b6bb3cd6071a989ee955016d9309dca8357f6aaf6f956d48c48f8d23dfac4abc
77,6539,6523,6536,1,9969,1,3,True,FOSSILIZED,2026-01-01T00:01:17Z,GAC,⧆,b6bb3cd6071a989ee955016d9309dca8357f6aaf6f956d48c48f8d23dfac4abc,4691550d108d79e4963d8589f7d012dd3ac7d87638cc9f25d17f77b9ced27a0f
78,6536,6520,6532,0,9959,1,4,True,FOSSILIZED,2026-01-01T00:01:18Z,ATC,⧇,4691550d108d79e4963d8589f7d012dd3ac7d87638cc9f25d17f77b9ced27a0f,67fea4e798b0a9b5a82c800030158e29005c448f9572577d7ec507938ca8669a
79,6532,6516,6528,0,9960,0,4,True,FOSSILIZED,2026-01-01T00:01:19Z,CTT,⧊,67fea4e798b0a9b5a82c800030158e29005c448f9572577d7ec507938ca8669a,c378c3404b1512ef0ca13eb6732daacdda86519db8364a38c3d166f93d233a80
80,6528,6512,6524,0,9960,0,4,True,FOSSILIZED,2026-01-01T00:01:20Z,ATG,⧖⧖,c378c3404b1512ef0ca13eb6732daacdda86519db8364a38c3d166f93d233a80,a8678aa42cabf95208797f102440fe944cba7b978c1ec3e8f9407bfbe7809bfc
81,6524,6508,6519,-1,9949,1,5,True,FOSSILIZED,2026-01-01T00:01:21Z,CCC,⧃⧃,a8678aa42cabf95208797f102440fe944cba7b978c1ec3e8f9407bfbe7809bfc,c6db6374285e7dd0d22c58bce2aee83b398e2a3c1d387c4480ca963cfda89745
82,6519,6503,6516,1,9968,2,3,True,FOSSILIZED,2026-01-01T00:01:22Z,TTG,⧖⧊,c6db6374285e7dd0d22c58bce2aee83b398e2a3c1d387c4480ca963cfda89745,e754595863ce930084005793cdc86503160923eaf1a599cf59011264c7e92b2c
83,6516,6500,6511,-1,9948,2,5,True,FOSSILIZED,2026-01-01T00:01:23Z,AAA,⧉,e754595863ce930084005793cdc86503160923eaf1a599cf59011264c7e92b2c,1ab50e61e6ddd9958b2984c0dd95ddbadef27b53ec21456ca786e69fa45c19ff
84,6511,6495,6506,-1,9950,0,5,True,FOSSILIZED,2026-01-01T00:01:24Z,TTC,⧈,1ab50e61e6ddd9958b2984c0dd95ddbadef27b53ec21456ca786e69fa45c19ff,cf0703b897fb79be6b0bd3ea6589cd5457effea83b18715ea46165c83604e4bb
85,6506,6490,6503,1,9968,2,3,True,FOSSILIZED,2026-01-01T00:01:25Z,GAC,⧆,cf0703b897fb79be6b0bd3ea6589cd5457effea83b18715ea46165c83604e4bb,730805330e23bfb7027e6843a094f5509c38f9006f04d72d0ee8dfc5e9122cac
86,6503,6487,6498,-1,9948,2,5,True,FOSSILIZED,2026-01-01T00:01:26Z,ATC,⧇,730805330e23bfb7027e6843a094f5509c38f9006f04d72d0ee8dfc5e9122cac,86db9d3d700dc619e8a11bd357fe58ce2118cd5e53b033c339fa813a571cc6df
87,6498,6482,6495,1,9968,2,3,True,FOSSILIZED,2026-01-01T00:01:27Z,CTT,⧊,86db9d3d700dc619e8a11bd357fe58ce2118cd5e53b033c339fa813a571cc6df,6dd28466a17f63dc1244e4eea995fac91fa055794c929e5d97633f5a542f7f98
88,6495,6479,6492,1,9970,0,3,True,FOSSILIZED,2026-01-01T00:01:28Z,ATG,⧖⧖,6dd28466a17f63dc1244e4eea995fac91fa055794c929e5d97633f5a542f7f98,0339e722673a5601e694c76219fa075cdaf1bc94e3c4fc1d9af80259cc2fcccc
89,6492,6476,6488,0,9959,1,4,True,FOSSILIZED,2026-01-01T00:01:29Z,CCC,⧃⧃,0339e722673a5601e694c76219fa075cdaf1bc94e3c4fc1d9af80259cc2fcccc,91b3581b45f5836fa31ab17474ddbb5f8f06bec8ed1946474ee58290ba856507
90,6488,6472,6485,1,9969,1,3,True,FOSSILIZED,2026-01-01T00:01:30Z,TTG,⧖⧊,91b3581b45f5836fa31ab17474ddbb5f8f06bec8ed1946474ee58290ba856507,c89160573c4d8c6c375931ae5daadb1adf4b30ba65639ca683be6b06e2432cad
91,6485,6469,6482,1,9970,0,3,True,FOSSILIZED,2026-01-01T00:01:31Z,AAA,⧉,c89160573c4d8c6c375931ae5daadb1adf4b30ba65639ca683be6b06e2432cad,2d6d618141cf3fc6bfe11298452a0fe0494408364a4e8473d944ed35794224ca
92,6482,6466,6478,0,9959,1,4,True,FOSSILIZED,2026-01-01T00:01:32Z,TTC,⧈,2d6d618141cf3fc6bfe11298452a0fe0494408364a4e8473d944ed35794224ca,1d73b260bbc02b3d541acd398fc6875a332a475e2b1bb654b5eef24c2f915ee4
93,6478,6462,6473,-1,9949,1,5,True,FOSSILIZED,2026-01-01T00:01:33Z,GAC,⧆,1d73b260bbc02b3d541acd398fc6875a332a475e2b1bb654b5eef24c2f915ee4,0f46a15a1c458bbf3960ebcf743fe070143371da7ae64eb8c978dbe2b407d253
94,6473,6457,6469,0,9959,1,4,True,FOSSILIZED,2026-01-01T00:01:34Z,ATC,⧇,0f46a15a1c458bbf3960ebcf743fe070143371da7ae64eb8c978dbe2b407d253,a736e5bb9e256a9d30faf5a1be6692734e7c64a2003e39aefcde6fd758d3f1be
95,6469,6453,6465,0,9960,0,4,True,FOSSILIZED,2026-01-01T00:01:35Z,CTT,⧊,a736e5bb9e256a9d30faf5a1be6692734e7c64a2003e39aefcde6fd758d3f1be,2b8433ea7f5032964ff899e0f7d0461c8de7c4773f9be6d45cf578ba9f386139
96,6465,6449,6460,-1,9949,1,5,True,FOSSILIZED,2026-01-01T00:01:36Z,ATG,⧖⧖,2b8433ea7f5032964ff899e0f7d0461c8de7c4773f9be6d45cf578ba9f386139,372c129d2d8c9b253bacf3033457825fd84ba7889db87cab49d0fed4f74d3b4d
97,6460,6444,6455,-1,9950,0,5,True,FOSSILIZED,2026-01-01T00:01:37Z,CCC,⧃⧃,372c129d2d8c9b253bacf3033457825fd84ba7889db87cab49d0fed4f74d3b4d,f6187c9645a960d164a2c8563b8fe5e07fad97b2eb4fd4d9f42735af6278a76e
98,6455,6439,6452,1,9968,2,3,True,FOSSILIZED,2026-01-01T00:01:38Z,TTG,⧖⧊,f6187c9645a960d164a2c8563b8fe5e07fad97b2eb4fd4d9f42735af6278a76e,93eccaf3c4544468bec444f941a89de6c818d9b0647f6ca9e0af4b772c1a6e30
99,6452,6436,6449,1,9970,0,3,True,FOSSILIZED,2026-01-01T00:01:39Z,AAA,⧉,93eccaf3c4544468bec444f941a89de6c818d9b0647f6ca9e0af4b772c1a6e30,4ae91106db64d695e3e61cddfb81862e09e68de1c98b991ccd67967d33693b1d
100,6449,6433,6444,-1,9948,2,5,True,FOSSILIZED,2026-01-01T00:01:40Z,TTC,⧈,4ae91106db64d695e3e61cddfb81862e09e68de1c98b991ccd67967d33693b1d,a011b6319f5c737db495bb2a90da12654b65da782c3322127f2047f311c5a474
101,6444,6428,6441,1,9968,2,3,True,FOSSILIZED,2026-01-01T00:01:41Z,GAC,⧆,a011b6319f5c737db495bb2a90da12654b65da782c3322127f2047f311c5a474,b49718defbb30dfa9c43007b8eae7d5d489b1db49678de39d9ecf23e47437bd4
102,6441,6425,6437,0,9959,1,4,True,FOSSILIZED,2026-01-01T00:01:42Z,ATC,⧇,b49718defbb30dfa9c43007b8eae7d5d489b1db49678de39d9ecf23e47437bd4,955f836f631cb6d7d5b5374b8c80651fbe135a6066e883e695809225b2c09bd0
103,6437,6421,6433,0,9960,0,4,True,FOSSILIZED,2026-01-01T00:01:43Z,CTT,⧊,955f836f631cb6d7d5b5374b8c80651fbe135a6066e883e695809225b2c09bd0,9379e5c0d70f745c0cced79571776ac72efd9638b93235af1a5af19abf175864
104,6433,6417,6428,-1,9949,1,5,True,FOSSILIZED,2026-01-01T00:01:44Z,ATG,⧖⧖,9379e5c0d70f745c0cced79571776ac72efd9638b93235af1a5af19abf175864,0a26b771ff40fa0764b5204c2ccd6eb7ac6ff586477c45b8e1ffb63fcac4e890
105,6428,6412,6424,0,9959,1,4,True,FOSSILIZED,2026-01-01T00:01:45Z,CCC,⧃⧃,0a26b771ff40fa0764b5204c2ccd6eb7ac6ff586477c45b8e1ffb63fcac4e890,ea0db6b32e9e86477a4907cf751643b3fe13b8c0e95c8920e9b4988e6bdc99cd
106,6424,6408,6420,0,9960,0,4,True,FOSSILIZED,2026-01-01T00:01:46Z,TTG,⧖⧊,ea0db6b32e9e86477a4907cf751643b3fe13b8c0e95c8920e9b4988e6bdc99cd,dbf25e920da9c0c049b79b3522615f581045d39a4a3e9b6f23692d8c0e0dde60
107,6420,6404,6415,-1,9949,1,5,True,FOSSILIZED,2026-01-01T00:01:47Z,AAA,⧉,dbf25e920da9c0c049b79b3522615f581045d39a4a3e9b6f23692d8c0e0dde60,b02d9adea235c91362bdf1e990031acd3ec3d9a1173f141f3b36c6b78b0729a8
108,6415,6399,6410,-1,9950,0,5,True,FOSSILIZED,2026-01-01T00:01:48Z,TTC,⧈,b02d9adea235c91362bdf1e990031acd3ec3d9a1173f141f3b36c6b78b0729a8,228a297ae122bc470724a9c4daf705afdf05594b64d55846542571a163f959a8
109,6410,6394,6405,-1,9950,0,5,True,FOSSILIZED,2026-01-01T00:01:49Z,GAC,⧆,228a297ae122bc470724a9c4daf705afdf05594b64d55846542571a163f959a8,6ea5d6baa7fece5e0d2e64a9bc939695b129e2d38b7b6c825d7dd1f46b7141ae
110,6405,6389,6400,-1,9950,0,5,True,FOSSILIZED,2026-01-01T00:01:50Z,ATC,⧇,6ea5d6baa7fece5e0d2e64a9bc939695b129e2d38b7b6c825d7dd1f46b7141ae,6618119725778fe4db98f0ad799bdbdaf244b5d1fc47bfd0829572f448f44d87
111,6400,6384,6396,0,9959,1,4,True,FOSSILIZED,2026-01-01T00:01:51Z,CTT,⧊,6618119725778fe4db98f0ad799bdbdaf244b5d1fc47bfd0829572f448f44d87,c94be84daaa160df8e286dd9b21d7e4965352091bd2a6900c34919c56daa2fd8
112,6396,6380,6393,1,9969,1,3,True,FOSSILIZED,2026-01-01T00:01:52Z,ATG,⧖⧖,c94be84daaa160df8e286dd9b21d7e4965352091bd2a6900c34919c56daa2fd8,b058b4693a255c779b82100973fa45906ab7f9933052535ac6e5b15269e7c6f5
113,6393,6377,6388,-1,9948,2,5,True,FOSSILIZED,2026-01-01T00:01:53Z,CCC,⧃⧃,b058b4693a255c779b82100973fa45906ab7f9933052535ac6e5b15269e7c6f5,5bd54aa9fd3e697f0892710424ed3ddc01003f15bef461dafc1bfcf900b67c50
114,6388,6372,6383,-1,9950,0,5,True,FOSSILIZED,2026-01-01T00:01:54Z,TTG,⧖⧊,5bd54aa9fd3e697f0892710424ed3ddc01003f15bef461dafc1bfcf900b67c50,9988c803b74ebeab3ee2f6233ae1f793fd5689004a539c0adcd07ec36acd9938
115,6383,6367,6380,1,9968,2,3,True,FOSSILIZED,2026-01-01T00:01:55Z,AAA,⧉,9988c803b74ebeab3ee2f6233ae1f793fd5689004a539c0adcd07ec36acd9938,d334293390c12700512f02722189ee44ed3db146f6a97aadf76985fb27e59fa2
116,6380,6364,6375,-1,9948,2,5,True,FOSSILIZED,2026-01-01T00:01:56Z,TTC,⧈,d334293390c12700512f02722189ee44ed3db146f6a97aadf76985fb27e59fa2,5ee48c912a67f51d9455ede2127519e0166ad4b8ca31c1e97a727b3ec16ad7a3
117,6375,6359,6371,0,9959,1,4,True,FOSSILIZED,2026-01-01T00:01:57Z,GAC,⧆,5ee48c912a67f51d9455ede2127519e0166ad4b8ca31c1e97a727b3ec16ad7a3,b8d3627b4ed836f2b02fe76db9256d12f06f195c4c0420c137dad360122a593d
118,6371,6355,6368,1,9969,1,3,True,FOSSILIZED,2026-01-01T00:01:58Z,ATC,⧇,b8d3627b4ed836f2b02fe76db9256d12f06f195c4c0420c137dad360122a593d,69da4a9bcecb7c18b6b89f54dc4e03bc87ce91c2f3408da7da1c0fddad742ab2
119,6368,6352,6365,1,9970,0,3,True,FOSSILIZED,2026-01-01T00:01:59Z,CTT,⧊,69da4a9bcecb7c18b6b89f54dc4e03bc87ce91c2f3408da7da1c0fddad742ab2,1fbc56191cba8948cbfea0e368f313f3a7919b40cef666a83d0b403e60d274cc
120,6365,6349,6362,1,9970,0,3,True,FOSSILIZED,2026-01-01T00:02:00Z,ATG,⧖⧖,1fbc56191cba8948cbfea0e368f313f3a7919b40cef666a83d0b403e60d274cc,d9aa87839438119cee3400c3a5ef4bb8defffe737f866294ee19e06a0393cb37
121,6362,6346,6359,1,9970,0,3,True,FOSSILIZED,2026-01-01T00:02:01Z,CCC,⧃⧃,d9aa87839438119cee3400c3a5ef4bb8defffe737f866294ee19e06a0393cb37,f1e9dd29ae14abef3d225eeaf4e55dca40d3b6aea188da0b25f79ebecbdfb703
122,6359,6343,6356,1,9970,0,3,True,FOSSILIZED,2026-01-01T00:02:02Z,TTG,⧖⧊,f1e9dd29ae14abef3d225eeaf4e55dca40d3b6aea188da0b25f79ebecbdfb703,d699deb8e0225a688be8fa877603ba2f812635f34f2af9c308aa6f68b8dfc406
123,6356,6340,6351,-1,9948,2,5,True,FOSSILIZED,2026-01-01T00:02:03Z,AAA,⧉,d699deb8e0225a688be8fa877603ba2f812635f34f2af9c308aa6f68b8dfc406,f727d6adbd05318d21522ddbbc9e51811bab3f646b4a0ab77a9285a291412c57
124,6351,6335,6346,-1,9950,0,5,True,FOSSILIZED,2026-01-01T00:02:04Z,TTC,⧈,f727d6adbd05318d21522ddbbc9e51811bab3f646b4a0ab77a9285a291412c57,46348da3161aa66e08b02d808a8692b346c43048965acfc6a1765751ba54d86c
125,6346,6330,6343,1,9968,2,3,True,FOSSILIZED,2026-01-01T00:02:05Z,GAC,⧆,46348da3161aa66e08b02d808a8692b346c43048965acfc6a1765751ba54d86c,468d97b3c5d933a70d5c45a457ea8cf8934b0c3aa9eeac0467469610b2974d27
126,6343,6327,6339,0,9959,1,4,True,FOSSILIZED,2026-01-01T00:02:06Z,ATC,⧇,468d97b3c5d933a70d5c45a457ea8cf8934b0c3aa9eeac0467469610b2974d27,4146409dbc556b9a708ba26399ab3431f5f328048535e728709a32e6f2d7f7c8
127,6339,6323,6336,1,9969,1,3,True,FOSSILIZED,2026-01-01T00:02:07Z,CTT,⧊,4146409dbc556b9a708ba26399ab3431f5f328048535e728709a32e6f2d7f7c8,47866d809622d8cf1d01634408d9363df2fb49a4729b4f6b18e3d97ddc97d200
128,6336,6320,6331,-1,9948,2,5,True,FOSSILIZED,2026-01-01T00:02:08Z,ATG,⧖⧖,47866d809622d8cf1d01634408d9363df2fb49a4729b4f6b18e3d97ddc97d200,5bbdb2295c355731f94b41789724b05e9d5c5902ceca730378d662d665f6b07a
129,6331,6315,6326,-1,9950,0,5,True,FOSSILIZED,2026-01-01T00:02:09Z,CCC,⧃⧃,5bbdb2295c355731f94b41789724b05e9d5c5902ceca730378d662d665f6b07a,5354a802abbe6f7ebc3adea21367f38b54aee8990012d7b593e4f57ff0cead6e
130,6326,6310,6323,1,9968,2,3,True,FOSSILIZED,2026-01-01T00:02:10Z,TTG,⧖⧊,5354a802abbe6f7ebc3adea21367f38b54aee8990012d7b593e4f57ff0cead6e,5b5433f90c05fa8c1354e65d1ab0c698e0f8fe7da0ec9cc735c77ca2618ebaa9
131,6323,6307,6318,-1,9948,2,5,True,FOSSILIZED,2026-01-01T00:02:11Z,AAA,⧉,5b5433f90c05fa8c1354e65d1ab0c698e0f8fe7da0ec9cc735c77ca2618ebaa9,5c08fa91d63453ba1e327c683ee604aefe44a03235c50cb78059f2151952d3e1
132,6318,6302,6315,1,9968,2,3,True,FOSSILIZED,2026-01-01T00:02:12Z,TTC,⧈,5c08fa91d63453ba1e327c683ee604aefe44a03235c50cb78059f2151952d3e1,71ad2bb9cdb93de543a31f404948b753868a047076da8692408fd9925e0e0ad3
133,6315,6299,6312,1,9970,0,3,True,FOSSILIZED,2026-01-01T00:02:13Z,GAC,⧆,71ad2bb9cdb93de543a31f404948b753868a047076da8692408fd9925e0e0ad3,6097a2afc330a621a86017400a0bfd18a2a611867430b88eff69da7426fc3c91
134,6312,6296,6308,0,9959,1,4,True,FOSSILIZED,2026-01-01T00:02:14Z,ATC,⧇,6097a2afc330a621a86017400a0bfd18a2a611867430b88eff69da7426fc3c91,d16ff6d1dac6355a6dbce7fb41167198c5edf0ee33d62ad90befb567933e1075
135,6308,6292,6304,0,9960,0,4,True,FOSSILIZED,2026-01-01T00:02:15Z,CTT,⧊,d16ff6d1dac6355a6dbce7fb41167198c5edf0ee33d62ad90befb567933e1075,09225c48098cda8f8df2c4a83843540f90863f84e0aa98fba35f4c5685d7ba08
136,6304,6288,6301,1,9969,1,3,True,FOSSILIZED,2026-01-01T00:02:16Z,ATG,⧖⧖,09225c48098cda8f8df2c4a83843540f90863f84e0aa98fba35f4c5685d7ba08,30acd950c7b04faa89ad4b823b13825c0cff7a9c24d6177771c7f12d7840acba
137,6301,6285,6298,1,9970,0,3,True,FOSSILIZED,2026-01-01T00:02:17Z,CCC,⧃⧃,30acd950c7b04faa89ad4b823b13825c0cff7a9c24d6177771c7f12d7840acba,8b1e2eb597f34abf8172652f8471fba37ad28c3487ea080ca26af9062f1f1cc6
138,6298,6282,6294,0,9959,1,4,True,FOSSILIZED,2026-01-01T00:02:18Z,TTG,⧖⧊,8b1e2eb597f34abf8172652f8471fba37ad28c3487ea080ca26af9062f1f1cc6,cfe6acd5d29e6dea1c43990a7f838670c9b4aaa871e9765cf757a4d1bc525066
139,6294,6278,6290,0,9960,0,4,True,FOSSILIZED,2026-01-01T00:02:19Z,AAA,⧉,cfe6acd5d29e6dea1c43990a7f838670c9b4aaa871e9765cf757a4d1bc525066,996267a896580478b27f8548e8b0f81e578c5d93ebd58550c1db3b5278c31a7d
140,6290,6274,6285,-1,9949,1,5,True,FOSSILIZED,2026-01-01T00:02:20Z,TTC,⧈,996267a896580478b27f8548e8b0f81e578c5d93ebd58550c1db3b5278c31a7d,64f6a84fb0e4dba30aa8619842e10ea5cf2d040edef5a08d4b33bc39f7107b1c
141,6285,6269,6281,0,9959,1,4,True,FOSSILIZED,2026-01-01T00:02:21Z,GAC,⧆,64f6a84fb0e4dba30aa8619842e10ea5cf2d040edef5a08d4b33bc39f7107b1c,87e1543b93a68dedcd02de2a7f1c4af3b0446e4e0491a40685766b6ebf1e7940
142,6281,6265,6277,0,9960,0,4,True,FOSSILIZED,2026-01-01T00:02:22Z,ATC,⧇,87e1543b93a68dedcd02de2a7f1c4af3b0446e4e0491a40685766b6ebf1e7940,20d01013d6710052e0f7c19e621f6f060e9cf7e615baa5c02c681242b2b7afaa
143,6277,6261,6274,1,9969,1,3,True,FOSSILIZED,2026-01-01T00:02:23Z,CTT,⧊,20d01013d6710052e0f7c19e621f6f060e9cf7e615baa5c02c681242b2b7afaa,4c3185a742500d3da54dbc421c44336d968ae27de8f699b9b346eade8b2647c1
144,6274,6258,6270,0,9959,1,4,True,FOSSILIZED,2026-01-01T00:02:24Z,ATG,⧖⧖,4c3185a742500d3da54dbc421c44336d968ae27de8f699b9b346eade8b2647c1,aeeb5d1bcee7348c2e193893c6e951492e5bf08be706553e4cc100ef02e12d9b
145,6270,6254,6265,-1,9949,1,5,True,FOSSILIZED,2026-01-01T00:02:25Z,CCC,⧃⧃,aeeb5d1bcee7348c2e193893c6e951492e5bf08be706553e4cc100ef02e12d9b,1790ce5b48684b3a2a59686382ac72abeceee8ffdb41e97cff7ab2f31f9c82e9
146,6265,6249,6260,-1,9950,0,5,True,FOSSILIZED,2026-01-01T00:02:26Z,TTG,⧖⧊,1790ce5b48684b3a2a59686382ac72abeceee8ffdb41e97cff7ab2f31f9c82e9,6442092ff1ba0b36d43f7b7001b80b7b74ff4c81885291db5b6f8ea6a593c860
147,6260,6244,6257,1,9968,2,3,True,FOSSILIZED,2026-01-01T00:02:27Z,AAA,⧉,6442092ff1ba0b36d43f7b7001b80b7b74ff4c81885291db5b6f8ea6a593c860,3305de4e68e15a9399385f6cd95f62409946640f2bf4b3d58d66a7727e2a2e88
148,6257,6241,6253,0,9959,1,4,True,FOSSILIZED,2026-01-01T00:02:28Z,TTC,⧈,3305de4e68e15a9399385f6cd95f62409946640f2bf4b3d58d66a7727e2a2e88,0af9095b23b3dc25721071646fd9552336142a8709fae76228fea83f9a909474
149,6253,6237,6248,-1,9949,1,5,True,FOSSILIZED,2026-01-01T00:02:29Z,GAC,⧆,0af9095b23b3dc25721071646fd9552336142a8709fae76228fea83f9a909474,78b5f8cd77b77a985e7477b83bb8bf8dd3f139f0211c090bb17e94ee6cbd2271
150,6248,6232,6243,-1,9950,0,5,True,FOSSILIZED,2026-01-01T00:02:30Z,ATC,⧇,78b5f8cd77b77a985e7477b83bb8bf8dd3f139f0211c090bb17e94ee6cbd2271,cea6dc9f00b74d29d8cddf1fcc02a44d425ec73e45ed55568d7445fd0d1c7781
151,6243,6227,6240,1,9968,2,3,True,FOSSILIZED,2026-01-01T00:02:31Z,CTT,⧊,cea6dc9f00b74d29d8cddf1fcc02a44d425ec73e45ed55568d7445fd0d1c7781,d708cb8eb64c946db4c22d601bac9325fa2ea2b4047f55c5d4fb5f8f18fd8ad9
152,6240,6224,6235,-1,9948,2,5,True,FOSSILIZED,2026-01-01T00:02:32Z,ATG,⧖⧖,d708cb8eb64c946db4c22d601bac9325fa2ea2b4047f55c5d4fb5f8f18fd8ad9,d0aa708f77e653f94b36f0585ac45c818f390b687cfefcb17e10f1b894dabe60
153,6235,6219,6230,-1,9950,0,5,True,FOSSILIZED,2026-01-01T00:02:33Z,CCC,⧃⧃,d0aa708f77e653f94b36f0585ac45c818f390b687cfefcb17e10f1b894dabe60,11fa5993ef8338e522ea525e49176a72a0a60d1ba98cae9dc51f5db3e6d28e8d
154,6230,6214,6225,-1,9950,0,5,True,FOSSILIZED,2026-01-01T00:02:34Z,TTG,⧖⧊,11fa5993ef8338e522ea525e49176a72a0a60d1ba98cae9dc51f5db3e6d28e8d,b6d7ce836c50505f5e0b65d7ae1efc1799734e79fbbff1af9602b7473887de67
155,6225,6209,6221,0,9959,1,4,True,FOSSILIZED,2026-01-01T00:02:35Z,AAA,⧉,b6d7ce836c50505f5e0b65d7ae1efc1799734e79fbbff1af9602b7473887de67,daeeac9b7daa5968b31b28fed33eb1867bd33d00e98e407c00fddba04bf93225
156,6221,6205,6217,0,9960,0,4,True,FOSSILIZED,2026-01-01T00:02:36Z,TTC,⧈,daeeac9b7daa5968b31b28fed33eb1867bd33d00e98e407c00fddba04bf93225,9ecd3c3d019c9446b7faa74ee675d042b7c6eca4f67dca6184743cc7202a1257
157,6217,6201,6212,-1,9949,1,5,True,FOSSILIZED,2026-01-01T00:02:37Z,GAC,⧆,9ecd3c3d019c9446b7faa74ee675d042b7c6eca4f67dca6184743cc7202a1257,7cfad25fe1a80eaa6f4fe94316078ab857511713e61616494f5574e8e1a9d7c6
158,6212,6196,6207,-1,9950,0,5,True,FOSSILIZED,2026-01-01T00:02:38Z,ATC,⧇,7cfad25fe1a80eaa6f4fe94316078ab857511713e61616494f5574e8e1a9d7c6,aca44c41c6c36f966612a71ed125561b2efaeb4e59d72dd4a810ee79c63a047b
159,6207,6191,6204,1,9968,2,3,True,FOSSILIZED,2026-01-01T00:02:39Z,CTT,⧊,aca44c41c6c36f966612a71ed125561b2efaeb4e59d72dd4a810ee79c63a047b,6b67e7b690aa2e7fb09b416b3729cfbe5903a363f666728fbac78ed0dcb484d2
160,6204,6188,6199,-1,9948,2,5,True,FOSSILIZED,2026-01-01T00:02:40Z,ATG,⧖⧖,6b67e7b690aa2e7fb09b416b3729cfbe5903a363f666728fbac78ed0dcb484d2,846c7595b9e4e192bac309c91a4f616521df16e44bc1b11683ff03fbd27af8d5
161,6199,6183,6194,-1,9950,0,5,True,FOSSILIZED,2026-01-01T00:02:41Z,CCC,⧃⧃,846c7595b9e4e192bac309c91a4f616521df16e44bc1b11683ff03fbd27af8d5,99a569053b7bc2e450a9945ef79f846aa7779b9b7c318e03314ac24b9769eaca
162,6194,6178,6190,0,9959,1,4,True,FOSSILIZED,2026-01-01T00:02:42Z,TTG,⧖⧊,99a569053b7bc2e450a9945ef79f846aa7779b9b7c318e03314ac24b9769eaca,cd0cca3cbc4c4385b8d812999f4acc3c9960521f87f583ade7ab61d0d6c56c6c
163,6190,6174,6186,0,9960,0,4,True,FOSSILIZED,2026-01-01T00:02:43Z,AAA,⧉,cd0cca3cbc4c4385b8d812999f4acc3c9960521f87f583ade7ab61d0d6c56c6c,b62f514970ca22867241543b16c48d60a4fb1d97c9a44362489552f5ac8f720b
164,6186,6170,6181,-1,9949,1,5,True,FOSSILIZED,2026-01-01T00:02:44Z,TTC,⧈,b62f514970ca22867241543b16c48d60a4fb1d97c9a44362489552f5ac8f720b,9490553ebf4f3d2a59e19cc1ca7bcdc6d4c4c31f07c7cbf12c3cc8bc0bed2565
165,6181,6165,6176,-1,9950,0,5,True,FOSSILIZED,2026-01-01T00:02:45Z,GAC,⧆,9490553ebf4f3d2a59e19cc1ca7bcdc6d4c4c31f07c7cbf12c3cc8bc0bed2565,2727e845dc41a38113bfe48bc992df40d3e199679f47d110dd9ee6e13e0db2f9
166,6176,6160,6172,0,9959,1,4,True,FOSSILIZED,2026-01-01T00:02:46Z,ATC,⧇,2727e845dc41a38113bfe48bc992df40d3e199679f47d110dd9ee6e13e0db2f9,4512c75f415df708f9e763c144874e2653a80b6b103cd73b165ca493c5a78e0c
167,6172,6156,6169,1,9969,1,3,True,FOSSILIZED,2026-01-01T00:02:47Z,CTT,⧊,4512c75f415df708f9e763c144874e2653a80b6b103cd73b165ca493c5a78e0c,135472e1ef03672bb255f9539a2677da4c2cf27c48a943b05813c207a0444d4a
168,6169,6153,6164,-1,9948,2,5,True,FOSSILIZED,2026-01-01T00:02:48Z,ATG,⧖⧖,135472e1ef03672bb255f9539a2677da4c2cf27c48a943b05813c207a0444d4a,9b3ff3a945f6e14b498efe07be2073e493d7bdb31b44164f2b2a07f90209cfea
169,6164,6148,6160,0,9959,1,4,True,FOSSILIZED,2026-01-01T00:02:49Z,CCC,⧃⧃,9b3ff3a945f6e14b498efe07be2073e493d7bdb31b44164f2b2a07f90209cfea,d0303a726184bfe4b9d84dbf553c7954aea67e0db483f8d4e6b31dac5e34cfd9
170,6160,6144,6157,1,9969,1,3,True,FOSSILIZED,2026-01-01T00:02:50Z,TTG,⧖⧊,d0303a726184bfe4b9d84dbf553c7954aea67e0db483f8d4e6b31dac5e34cfd9,03466458d615e87a44b621713234e8196b0dd21cc03ac3d4d38c5c81e2aa57c8
171,6157,6141,6154,1,9970,0,3,True,FOSSILIZED,2026-01-01T00:02:51Z,AAA,⧉,03466458d615e87a44b621713234e8196b0dd21cc03ac3d4d38c5c81e2aa57c8,3828ea2c5c922a72aabcd8a6dc4b8108a0c05771493327ffdc125c6354759aff
172,6154,6138,6149,-1,9948,2,5,True,FOSSILIZED,2026-01-01T00:02:52Z,TTC,⧈,3828ea2c5c922a72aabcd8a6dc4b8108a0c05771493327ffdc125c6354759aff,6b730a180970ac1928933d38886c29f156134c04411be215353e7e7e80fa5ecb
173,6149,6133,6146,1,9968,2,3,True,FOSSILIZED,2026-01-01T00:02:53Z,GAC,⧆,6b730a180970ac1928933d38886c29f156134c04411be215353e7e7e80fa5ecb,9d5b3e2970e3a8d766732a26be99787fd667aaf3fa25b1556b8a941f7ffae09a
174,6146,6130,6143,1,9970,0,3,True,FOSSILIZED,2026-01-01T00:02:54Z,ATC,⧇,9d5b3e2970e3a8d766732a26be99787fd667aaf3fa25b1556b8a941f7ffae09a,a044026833c6a34726cefefc5cee34e79fd57d355cbcacbf5dabbd0d1cbc8285
175,6143,6127,6140,1,9970,0,3,True,FOSSILIZED,2026-01-01T00:02:55Z,CTT,⧊,a044026833c6a34726cefefc5cee34e79fd57d355cbcacbf5dabbd0d1cbc8285,b2a5f03e2a76fca6fd18283fcda6b94e509825b585f70082530a50e2815d1b90
176,6140,6124,6137,1,9970,0,3,True,FOSSILIZED,2026-01-01T00:02:56Z,ATG,⧖⧖,b2a5f03e2a76fca6fd18283fcda6b94e509825b585f70082530a50e2815d1b90,35258318c1c543a6a9f07ce0b07a6be6d6afddd36c394ff33a6ba1971460f752
177,6137,6121,6134,1,9970,0,3,True,FOSSILIZED,2026-01-01T00:02:57Z,CCC,⧃⧃,35258318c1c543a6a9f07ce0b07a6be6d6afddd36c394ff33a6ba1971460f752,e2baedd42eddf570c88bc85d595df092a09338bb6f43b95a64e33bbefd458f1e
178,6134,6118,6129,-1,9948,2,5,True,FOSSILIZED,2026-01-01T00:02:58Z,TTG,⧖⧊,e2baedd42eddf570c88bc85d595df092a09338bb6f43b95a64e33bbefd458f1e,c37659b08ddeb1d02de8d4b96a3d4593ac25e96a49ce33b6ab5b150afdfadc0f
179,6129,6113,6125,0,9959,1,4,True,FOSSILIZED,2026-01-01T00:02:59Z,AAA,⧉,c37659b08ddeb1d02de8d4b96a3d4593ac25e96a49ce33b6ab5b150afdfadc0f,2654e3214522d602f92d308409a32f47965f5dd00dbe9afe8445e19fff07696f
180,6125,6109,6121,0,9960,0,4,True,FOSSILIZED,2026-01-01T00:03:00Z,TTC,⧈,2654e3214522d602f92d308409a32f47965f5dd00dbe9afe8445e19fff07696f,dde6ef48f6bbe8e2100e8317cb8a463aa8357972b255031300d34ea13f846d3a
181,6121,6105,6117,0,9960,0,4,True,FOSSILIZED,2026-01-01T00:03:01Z,GAC,⧆,dde6ef48f6bbe8e2100e8317cb8a463aa8357972b255031300d34ea13f846d3a,2ab28a651e53ae2f6e9ba81832a916a988ef2e903d59725920cc2a4a854d824c
182,6117,6101,6112,-1,9949,1,5,True,FOSSILIZED,2026-01-01T00:03:02Z,ATC,⧇,2ab28a651e53ae2f6e9ba81832a916a988ef2e903d59725920cc2a4a854d824c,7c8ffd9ad3b18ffd29e03eb74a39db472c2c790c032083206298c41a0035082b
183,6112,6096,6109,1,9968,2,3,True,FOSSILIZED,2026-01-01T00:03:03Z,CTT,⧊,7c8ffd9ad3b18ffd29e03eb74a39db472c2c790c032083206298c41a0035082b,82fc6fd53588ff4ee3d07cdd42b90969298a39eadbd8f7fefb3cf35c0ef95ddb
184,6109,6093,6106,1,9970,0,3,True,FOSSILIZED,2026-01-01T00:03:04Z,ATG,⧖⧖,82fc6fd53588ff4ee3d07cdd42b90969298a39eadbd8f7fefb3cf35c0ef95ddb,cc8ebeb9dbd8a07e6e50e35eeac46e8fc3cbf65a79f66666858ec1dd8ea52d1d
185,6106,6090,6103,1,9970,0,3,True,FOSSILIZED,2026-01-01T00:03:05Z,CCC,⧃⧃,cc8ebeb9dbd8a07e6e50e35eeac46e8fc3cbf65a79f66666858ec1dd8ea52d1d,d9f36a19140274bbcd64a6a55f443d8b5fe589e1028c58148c357331198f3aab
186,6103,6087,6100,1,9970,0,3,True,FOSSILIZED,2026-01-01T00:03:06Z,TTG,⧖⧊,d9f36a19140274bbcd64a6a55f443d8b5fe589e1028c58148c357331198f3aab,44a4d9fe5769a18466fb5abe09ea2ab8b007dbaec083b4dafb8720394d81ed5f
187,6100,6084,6097,1,9970,0,3,True,FOSSILIZED,2026-01-01T00:03:07Z,AAA,⧉,44a4d9fe5769a18466fb5abe09ea2ab8b007dbaec083b4dafb8720394d81ed5f,9d8a63a70f0bae1cb4bb77b24f79c06f9e9bb9d05991d9165950f8bfe3c20afe
188,6097,6080,6094,1,9970,0,3,True,FOSSILIZED,2026-01-01T00:03:08Z,TTC,⧈,9d8a63a70f0bae1cb4bb77b24f79c06f9e9bb9d05991d9165950f8bfe3c20afe,357a37ee5bbcb74a97bedd26f680f1c0d244b98ab545c46407f25d0725ba49c1
189,6094,6077,6090,0,9959,1,4,True,FOSSILIZED,2026-01-01T00:03:09Z,GAC,⧆,357a37ee5bbcb74a97bedd26f680f1c0d244b98ab545c46407f25d0725ba49c1,c22029a91d25e1f6642cd425305e1dc893220fbd860f6c8da3619fca2a3cbac5
190,6090,6073,6086,0,9960,0,4,True,FOSSILIZED,2026-01-01T00:03:10Z,ATC,⧇,c22029a91d25e1f6642cd425305e1dc893220fbd860f6c8da3619fca2a3cbac5,dc236e993f81c3c2ad4c9ebebf34db17a5a0d557b8c027aef0a3d5d65ee1f5b6
191,6086,6069,6083,1,9969,1,3,True,FOSSILIZED,2026-01-01T00:03:11Z,CTT,⧊,dc236e993f81c3c2ad4c9ebebf34db17a5a0d557b8c027aef0a3d5d65ee1f5b6,3560fae3836050c40ceb3682a0ba8cc949cc3050f0b45fcf85bd26715237039c
192,6083,6066,6080,1,9970,0,3,True,FOSSILIZED,2026-01-01T00:03:12Z,ATG,⧖⧖,3560fae3836050c40ceb3682a0ba8cc949cc3050f0b45fcf85bd26715237039c,5e221166ea259d41ae1053b409f1fbcba553d7fc621ea4f119941207b9f0b8c7
193,6080,6063,6076,0,9959,1,4,True,FOSSILIZED,2026-01-01T00:03:13Z,CCC,⧃⧃,5e221166ea259d41ae1053b409f1fbcba553d7fc621ea4f119941207b9f0b8c7,06608823c99e57f8b65c9c0cbd8de0f03d8b508eff71423522933dc4b9318d95
194,6076,6059,6072,0,9960,0,4,True,FOSSILIZED,2026-01-01T00:03:14Z,TTG,⧖⧊,06608823c99e57f8b65c9c0cbd8de0f03d8b508eff71423522933dc4b9318d95,afa5f0f8ee8bfd98a8fe4f2155ea3cc9993c09b39d69c738f0c8d0cd35d125d4
195,6072,6055,6067,-1,9949,1,5,True,FOSSILIZED,2026-01-01T00:03:15Z,AAA,⧉,afa5f0f8ee8bfd98a8fe4f2155ea3cc9993c09b39d69c738f0c8d0cd35d125d4,b55d78321094b1035037dc4fbc24ba43660651c318da472fd147eabd2997b4c5
196,6067,6050,6063,0,9959,1,4,True,FOSSILIZED,2026-01-01T00:03:16Z,TTC,⧈,b55d78321094b1035037dc4fbc24ba43660651c318da472fd147eabd2997b4c5,b53b7bf6d9c8327d6e2c63e2c9559442042a7487cf366c8659bef358265b13dd
197,6063,6046,6058,-1,9949,1,5,True,FOSSILIZED,2026-01-01T00:03:17Z,GAC,⧆,b53b7bf6d9c8327d6e2c63e2c9559442042a7487cf366c8659bef358265b13dd,aeec3aa0d192b3b3538cdd5b31b47ac45c3c9e19e48be680caaaa7700dc498b1
198,6058,6041,6053,-1,9950,0,5,True,FOSSILIZED,2026-01-01T00:03:18Z,ATC,⧇,aeec3aa0d192b3b3538cdd5b31b47ac45c3c9e19e48be680caaaa7700dc498b1,4a95775269210d834271a2251ba861379309e3e39671555221f6e8bfafe12af4
199,6053,6036,6048,-1,9950,0,5,True,FOSSILIZED,2026-01-01T00:03:19Z,CTT,⧊,4a95775269210d834271a2251ba861379309e3e39671555221f6e8bfafe12af4,1c9603551caf5df7eed51f9c1be446bb9522417087cd15f68524b1f1c8f14299
200,6048,6031,6045,1,9968,2,3,True,FOSSILIZED,2026-01-01T00:03:20Z,ATG,⧖⧖,1c9603551caf5df7eed51f9c1be446bb9522417087cd15f68524b1f1c8f14299,bb2c4977bd98c7141d6e3554620688c2f37a0f2cdbd273f803af5c474ca51b2f
201,6045,6028,6040,-1,9948,2,5,True,FOSSILIZED,2026-01-01T00:03:21Z,CCC,⧃⧃,bb2c4977bd98c7141d6e3554620688c2f37a0f2cdbd273f803af5c474ca51b2f,a6e1e963bb24adbe0726266844d73664619b5415da94875fcd8ba6aab700f8b8
202,6040,6023,6035,-1,9950,0,5,True,FOSSILIZED,2026-01-01T00:03:22Z,TTG,⧖⧊,a6e1e963bb24adbe0726266844d73664619b5415da94875fcd8ba6aab700f8b8,dbebb8661c8ef2f1a79c9de0d0f844a5adf6909c034acc11333cd544cf1356cb
203,6035,6018,6032,1,9968,2,3,True,FOSSILIZED,2026-01-01T00:03:23Z,AAA,⧉,dbebb8661c8ef2f1a79c9de0d0f844a5adf6909c034acc11333cd544cf1356cb,de5d2537ee9dbef8089779c9cdf761afb45a983a73b27f8d648a72d3bf10809e
204,6032,6015,6029,1,9970,0,3,True,FOSSILIZED,2026-01-01T00:03:24Z,TTC,⧈,de5d2537ee9dbef8089779c9cdf761afb45a983a73b27f8d648a72d3bf10809e,724266c6defb84b8f1e92da3f934b330abe20e85773cd852f73f7fd04d0dc557
205,6029,6012,6024,-1,9948,2,5,True,FOSSILIZED,2026-01-01T00:03:25Z,GAC,⧆,724266c6defb84b8f1e92da3f934b330abe20e85773cd852f73f7fd04d0dc557,726784db66e364eda4a8bd2295143bb20ddbd21aeba6bc1279e1788b2b4a81f2
206,6024,6007,6021,1,9968,2,3,True,FOSSILIZED,2026-01-01T00:03:26Z,ATC,⧇,726784db66e364eda4a8bd2295143bb20ddbd21aeba6bc1279e1788b2b4a81f2,ee22cac075d14ad5d7eb092462133f244ffd3e56acf0e357370915e0bff62956
207,6021,6004,6017,0,9959,1,4,True,FOSSILIZED,2026-01-01T00:03:27Z,CTT,⧊,ee22cac075d14ad5d7eb092462133f244ffd3e56acf0e357370915e0bff62956,5cc97fd27f892eff5ea22da4678d85c8205193790afffccf58a34da6fc780be2
208,6017,6000,6014,1,9969,1,3,True,FOSSILIZED,2026-01-01T00:03:28Z,ATG,⧖⧖,5cc97fd27f892eff5ea22da4678d85c8205193790afffccf58a34da6fc780be2,8a1a0c2f477b42d967f47ca537cd9119245c85846cae132182f95d582fda8816
209,6014,5997,6011,1,9970,0,3,True,FOSSILIZED,2026-01-01T00:03:29Z,CCC,⧃⧃,8a1a0c2f477b42d967f47ca537cd9119245c85846cae132182f95d582fda8816,9199d6dcbd9fe6e2ad9c730d6f777d91862df1ad4b19a8914ee787ee1257170d
210,6011,5994,6006,-1,9948,2,5,True,FOSSILIZED,2026-01-01T00:03:30Z,TTG,⧖⧊,9199d6dcbd9fe6e2ad9c730d6f777d91862df1ad4b19a8914ee787ee1257170d,6b2ae62e38bb831666f4f8cb0b176c3e4cf4c5ee95fe2b583798a14cfc56e6aa
211,6006,5989,6002,0,9959,1,4,True,FOSSILIZED,2026-01-01T00:03:31Z,AAA,⧉,6b2ae62e38bb831666f4f8cb0b176c3e4cf4c5ee95fe2b583798a14cfc56e6aa,44df3d73a8da65146b85b6fcf0fc5b03adfa7367708ce6797b11f188dc05afcb
212,6002,5985,5998,0,9960,0,4,True,FOSSILIZED,2026-01-01T00:03:32Z,TTC,⧈,44df3d73a8da65146b85b6fcf0fc5b03adfa7367708ce6797b11f188dc05afcb,f0c08c57ae04dcecc28e15dfc15f5e93e17983d62ce29778b593058428d11a3c
213,5998,5981,5994,0,9960,0,4,True,FOSSILIZED,2026-01-01T00:03:33Z,GAC,⧆,f0c08c57ae04dcecc28e15dfc15f5e93e17983d62ce29778b593058428d11a3c,cf488d2655c9b73b88d359c37e6e3dc811a3086fe9d68fa0ef0c15e20d3a5767
214,5994,5977,5991,1,9969,1,3,True,FOSSILIZED,2026-01-01T00:03:34Z,ATC,⧇,cf488d2655c9b73b88d359c37e6e3dc811a3086fe9d68fa0ef0c15e20d3a5767,ebe19e223482d60e677da8420af339e20efd61698191cc109b87c1cff7554347
215,5991,5974,5986,-1,9948,2,5,True,FOSSILIZED,2026-01-01T00:03:35Z,CTT,⧊,ebe19e223482d60e677da8420af339e20efd61698191cc109b87c1cff7554347,af8e8e796974160113cd55504a68cc6cd72d983d9b4ab5934667b9ac6f4b9983
216,5986,5969,5983,1,9968,2,3,True,FOSSILIZED,2026-01-01T00:03:36Z,ATG,⧖⧖,af8e8e796974160113cd55504a68cc6cd72d983d9b4ab5934667b9ac6f4b9983,a8b0cfa322697c5b0a53f237aebc29ade2372aba453ad5c52bb9718e6a9a5598
217,5983,5966,5980,1,9970,0,3,True,FOSSILIZED,2026-01-01T00:03:37Z,CCC,⧃⧃,a8b0cfa322697c5b0a53f237aebc29ade2372aba453ad5c52bb9718e6a9a5598,509581288e040d8a58b59785f0e58d8c969e298204c74ff1fc8a760c739690f8
218,5980,5963,5977,1,9970,0,3,True,FOSSILIZED,2026-01-01T00:03:38Z,TTG,⧖⧊,509581288e040d8a58b59785f0e58d8c969e298204c74ff1fc8a760c739690f8,f39552c08801c06fe125ec1068201c755fceddf3863c78a585bd0306fb7afc8f
219,5977,5960,5974,1,9970,0,3,True,FOSSILIZED,2026-01-01T00:03:39Z,AAA,⧉,f39552c08801c06fe125ec1068201c755fceddf3863c78a585bd0306fb7afc8f,29adedb3d0b34548bed27297378c0125dfe7fc2587dbe7c8aa1284c2eb2583bb
220,5974,5957,5971,1,9970,0,3,True,FOSSILIZED,2026-01-01T00:03:40Z,TTC,⧈,29adedb3d0b34548bed27297378c0125dfe7fc2587dbe7c8aa1284c2eb2583bb,df81f22851a8ad2ead18dfcf403ac6482eea0e1188cbca7aad70da28259ac25a
221,5971,5954,5968,1,9970,0,3,True,FOSSILIZED,2026-01-01T00:03:41Z,GAC,⧆,df81f22851a8ad2ead18dfcf403ac6482eea0e1188cbca7aad70da28259ac25a,3a6e3b5a875fba26b612373696ce6c1c210e26a5c1dc322c4e59537c44a79205
222,5968,5951,5964,0,9959,1,4,True,FOSSILIZED,2026-01-01T00:03:42Z,ATC,⧇,3a6e3b5a875fba26b612373696ce6c1c210e26a5c1dc322c4e59537c44a79205,cc04f73bfc85cbd7b31f10ce4f74c4260d58c9a36166eb091bebfbe4777d13ce
223,5964,5947,5959,-1,9949,1,5,True,FOSSILIZED,2026-01-01T00:03:43Z,CTT,⧊,cc04f73bfc85cbd7b31f10ce4f74c4260d58c9a36166eb091bebfbe4777d13ce,279fbd1191a42883ae1d2856a22c6589e8722208928f1cb0ace7225fe7886dfa
224,5959,5942,5954,-1,9950,0,5,True,FOSSILIZED,2026-01-01T00:03:44Z,ATG,⧖⧖,279fbd1191a42883ae1d2856a22c6589e8722208928f1cb0ace7225fe7886dfa,800b7798fbfb63affd0df33d50ca7fd17079d7aa76994cc2b4adc0d2beac5992
225,5954,5937,5951,1,9968,2,3,True,FOSSILIZED,2026-01-01T00:03:45Z,CCC,⧃⧃,800b7798fbfb63affd0df33d50ca7fd17079d7aa76994cc2b4adc0d2beac5992,b52f177067858b9f5e0ce4a43e0802540261eb2316b62b7b4d7dc69b8178e5ee
226,5951,5934,5946,-1,9948,2,5,True,FOSSILIZED,2026-01-01T00:03:46Z,TTG,⧖⧊,b52f177067858b9f5e0ce4a43e0802540261eb2316b62b7b4d7dc69b8178e5ee,99683277be2503d4453870b3c94dc7728a21ddced2b1c682f570c6fd344c175d
227,5946,5929,5943,1,9968,2,3,True,FOSSILIZED,2026-01-01T00:03:47Z,AAA,⧉,99683277be2503d4453870b3c94dc7728a21ddced2b1c682f570c6fd344c175d,2ebda2e4e3dc9337ba6cce21467edcdf3e206ac9958624fe1fb2f933b2bd7913
228,5943,5926,5938,-1,9948,2,5,True,FOSSILIZED,2026-01-01T00:03:48Z,TTC,⧈,2ebda2e4e3dc9337ba6cce21467edcdf3e206ac9958624fe1fb2f933b2bd7913,2a6926d144edf1da5144b08f78e75a4470a856dc61bd24200663de68988bdca7
229,5938,5921,5933,-1,9950,0,5,True,FOSSILIZED,2026-01-01T00:03:49Z,GAC,⧆,2a6926d144edf1da5144b08f78e75a4470a856dc61bd24200663de68988bdca7,c3169563524d42d3340a1f7c15bd98de5f843e389adb41335cc616d65d79695b
230,5933,5916,5929,0,9959,1,4,True,FOSSILIZED,2026-01-01T00:03:50Z,ATC,⧇,c3169563524d42d3340a1f7c15bd98de5f843e389adb41335cc616d65d79695b,e83473d12450cd938f2d78dbb1267a68cf0bc6ea11e1d101cc4ed7a9142ecc07
231,5929,5912,5924,-1,9949,1,5,True,FOSSILIZED,2026-01-01T00:03:51Z,CTT,⧊,e83473d12450cd938f2d78dbb1267a68cf0bc6ea11e1d101cc4ed7a9142ecc07,1aa14cabc8ad3aeacdda95e4a23c592860384747541b4e904bae192c6c00f972
232,5924,5907,5921,1,9968,2,3,True,FOSSILIZED,2026-01-01T00:03:52Z,ATG,⧖⧖,1aa14cabc8ad3aeacdda95e4a23c592860384747541b4e904bae192c6c00f972,fdc65cfc0a12c0d6ea3cdea9eab1352e09726f209c4e134e0c633054e6d6e703
233,5921,5904,5918,1,9970,0,3,True,FOSSILIZED,2026-01-01T00:03:53Z,CCC,⧃⧃,fdc65cfc0a12c0d6ea3cdea9eab1352e09726f209c4e134e0c633054e6d6e703,4851c891af537b99aa85ae348784c792b9b2a8469877d3ed4ef46fd0f7f3c547
234,5918,5901,5913,-1,9948,2,5,True,FOSSILIZED,2026-01-01T00:03:54Z,TTG,⧖⧊,4851c891af537b99aa85ae348784c792b9b2a8469877d3ed4ef46fd0f7f3c547,2b75a8a5d284a2dd38e247834f98b625495231fc735aa24a7bb06b0c7dadc822
235,5913,5896,5908,-1,9950,0,5,True,FOSSILIZED,2026-01-01T00:03:55Z,AAA,⧉,2b75a8a5d284a2dd38e247834f98b625495231fc735aa24a7bb06b0c7dadc822,9a291624062b7695232f9333248f7b40480eb5802dc4b1d1f0a2d8e8253836be
236,5908,5891,5904,0,9959,1,4,True,FOSSILIZED,2026-01-01T00:03:56Z,TTC,⧈,9a291624062b7695232f9333248f7b40480eb5802dc4b1d1f0a2d8e8253836be,b3c69ad0ab06f1e1d6b7dd7528e94c62458b82892a1b00cc83c4ddd6f032979a
237,5904,5887,5900,0,9960,0,4,True,FOSSILIZED,2026-01-01T00:03:57Z,GAC,⧆,b3c69ad0ab06f1e1d6b7dd7528e94c62458b82892a1b00cc83c4ddd6f032979a,dd174b9d7a915c89e3742c96762f533cccb72b3280e4ef44fd631ac4f9c500bd
238,5900,5883,5897,1,9969,1,3,True,FOSSILIZED,2026-01-01T00:03:58Z,ATC,⧇,dd174b9d7a915c89e3742c96762f533cccb72b3280e4ef44fd631ac4f9c500bd,b8aab8d6afc172754095b500bd90348c8feed28a4c5a28d9028c926abd24628d
239,5897,5880,5894,1,9970,0,3,True,FOSSILIZED,2026-01-01T00:03:59Z,CTT,⧊,b8aab8d6afc172754095b500bd90348c8feed28a4c5a28d9028c926abd24628d,685807c292b846108dcf6ffb78e2acf46db7277e157430b41c2e4b46f91b1f97
240,5894,5877,5889,-1,9948,2,5,True,FOSSILIZED,2026-01-01T00:04:00Z,ATG,⧖⧖,685807c292b846108dcf6ffb78e2acf46db7277e157430b41c2e4b46f91b1f97,d6d0f322095eb6fe1ccd425da38abbcb8267983a7896d92e5be8078b16ec5211
241,5889,5872,5885,0,9959,1,4,True,FOSSILIZED,2026-01-01T00:04:01Z,CCC,⧃⧃,d6d0f322095eb6fe1ccd425da38abbcb8267983a7896d92e5be8078b16ec5211,70588199b6b5a7c28c28ef2f81d68903765d6da5ba4685061e16688abd4a113b
242,5885,5868,5880,-1,9949,1,5,True,FOSSILIZED,2026-01-01T00:04:02Z,TTG,⧖⧊,70588199b6b5a7c28c28ef2f81d68903765d6da5ba4685061e16688abd4a113b,c2441b38d7fbafe113d274c328b9faf44e47398b4127f7837a4e91d142cf625b
243,5880,5863,5876,0,9959,1,4,True,FOSSILIZED,2026-01-01T00:04:03Z,AAA,⧉,c2441b38d7fbafe113d274c328b9faf44e47398b4127f7837a4e91d142cf625b,022d5d77fd1701d5903db7ee2092f7fe9f92a613e15b0687d77f007e3ca54e3f
244,5876,5859,5873,1,9969,1,3,True,FOSSILIZED,2026-01-01T00:04:04Z,TTC,⧈,022d5d77fd1701d5903db7ee2092f7fe9f92a613e15b0687d77f007e3ca54e3f,038202fb0b388b1dcb2a3179798cce9afb60e3416c4b37d75bc08ef750b5d1b3
245,5873,5856,5869,0,9959,1,4,True,FOSSILIZED,2026-01-01T00:04:05Z,GAC,⧆,038202fb0b388b1dcb2a3179798cce9afb60e3416c4b37d75bc08ef750b5d1b3,e710e21f2b5daf2521d9cc0758e95470d8509e8e3dc4a77ec64ec2dd8101eda7
246,5869,5852,5865,0,9960,0,4,True,FOSSILIZED,2026-01-01T00:04:06Z,ATC,⧇,e710e21f2b5daf2521d9cc0758e95470d8509e8e3dc4a77ec64ec2dd8101eda7,4c5dc373b3200b16917a7d8659985f12755f264b1c179f702cd31b6b4d70dc37
247,5865,5848,5861,0,9960,0,4,True,FOSSILIZED,2026-01-01T00:04:07Z,CTT,⧊,4c5dc373b3200b16917a7d8659985f12755f264b1c179f702cd31b6b4d70dc37,3ebb6ac6a4fe57761424986ec3114c231124da0e2d38a4d8dde59808859efa99
248,5861,5844,5856,-1,9949,1,5,True,FOSSILIZED,2026-01-01T00:04:08Z,ATG,⧖⧖,3ebb6ac6a4fe57761424986ec3114c231124da0e2d38a4d8dde59808859efa99,337fe8dcd3c004df9e6d72db1854af02b9c821fee6f759aff40c8fddd384b30b
249,5856,5839,5851,-1,9950,0,5,True,FOSSILIZED,2026-01-01T00:04:09Z,CCC,⧃⧃,337fe8dcd3c004df9e6d72db1854af02b9c821fee6f759aff40c8fddd384b30b,41e2d47ac03edc6eaa1266bff45675cc4cb6494183dec4138be081020b033881
250,5851,5834,5848,1,9968,2,3,True,FOSSILIZED,2026-01-01T00:04:10Z,TTG,⧖⧊,41e2d47ac03edc6eaa1266bff45675cc4cb6494183dec4138be081020b033881,9e8a35561fb6322f089bc3088612c3352dc3dbc1719b77f9db8796fd3c571440
251,5848,5831,5843,-1,9948,2,5,True,FOSSILIZED,2026-01-01T00:04:11Z,AAA,⧉,9e8a35561fb6322f089bc3088612c3352dc3dbc1719b77f9db8796fd3c571440,f5434a190dc7cc6f7c6286399cd4f4cdb4233febad8c97bafae4a7e138af36cb
252,5843,5826,5838,-1,9950,0,5,True,FOSSILIZED,2026-01-01T00:04:12Z,TTC,⧈,f5434a190dc7cc6f7c6286399cd4f4cdb4233febad8c97bafae4a7e138af36cb,7ab9ab9b4db605e339aaa7a12674bab7ae100504097ca4fdd9d1f4a447713690
253,5838,5821,5834,0,9959,1,4,True,FOSSILIZED,2026-01-01T00:04:13Z,GAC,⧆,7ab9ab9b4db605e339aaa7a12674bab7ae100504097ca4fdd9d1f4a447713690,c2f847197ac3456954a0ba4c95261644ba29456b7ffe154418aeb7a4a4747a67
254,5834,5817,5829,-1,9949,1,5,True,FOSSILIZED,2026-01-01T00:04:14Z,ATC,⧇,c2f847197ac3456954a0ba4c95261644ba29456b7ffe154418aeb7a4a4747a67,6f5e592ce8ce061a44eb2470b9967a0e871d320d68da3a3f7967368765280f2d
255,5829,5812,5826,1,9968,2,3,True,FOSSILIZED,2026-01-01T00:04:15Z,CTT,⧊,6f5e592ce8ce061a44eb2470b9967a0e871d320d68da3a3f7967368765280f2d,5696e5467b6152d553f2784810ec4daa6dd86883b7e9566d9a4311673a53010b
256,5826,5809,5822,0,9959,1,4,True,FOSSILIZED,2026-01-01T00:04:16Z,ATG,⧖⧖,5696e5467b6152d553f2784810ec4daa6dd86883b7e9566d9a4311673a53010b,8144fd08878375d40467e02fb8fbc286c322e8967ae18782a477ac0f75a036d4
257,5822,5805,5818,0,9960,0,4,True,FOSSILIZED,2026-01-01T00:04:17Z,CCC,⧃⧃,8144fd08878375d40467e02fb8fbc286c322e8967ae18782a477ac0f75a036d4,73e5b775b027c7dade95a60ea41c4cb8ad7e12299a4f7c662ee7f22936782852
258,5818,5801,5814,0,9960,0,4,True,FOSSILIZED,2026-01-01T00:04:18Z,TTG,⧖⧊,73e5b775b027c7dade95a60ea41c4cb8ad7e12299a4f7c662ee7f22936782852,1a36167b2acccf3e075014a7adb48795a30eb487144a375ff5287b43334bfc5e
259,5814,5797,5811,1,9969,1,3,True,FOSSILIZED,2026-01-01T00:04:19Z,AAA,⧉,1a36167b2acccf3e075014a7adb48795a30eb487144a375ff5287b43334bfc5e,1ee1dbdc2a0b3b30964397addff76c5f12037c0dcb2a6ec516777ecedb1b9071
260,5811,5794,5806,-1,9948,2,5,True,FOSSILIZED,2026-01-01T00:04:20Z,TTC,⧈,1ee1dbdc2a0b3b30964397addff76c5f12037c0dcb2a6ec516777ecedb1b9071,4b34ba1518a551fc179c663a4644b7a51f06fc0d9656a2d011aa29c0d34d419e
261,5806,5789,5803,1,9968,2,3,True,FOSSILIZED,2026-01-01T00:04:21Z,GAC,⧆,4b34ba1518a551fc179c663a4644b7a51f06fc0d9656a2d011aa29c0d34d419e,7cfd2fbbb464048cf8a34fed3cff09637361b6c2c2bb699b6178a021fd09cacd
262,5803,5786,5800,1,9970,0,3,True,FOSSILIZED,2026-01-01T00:04:22Z,ATC,⧇,7cfd2fbbb464048cf8a34fed3cff09637361b6c2c2bb699b6178a021fd09cacd,6ca3631494e0ab360d79937ddaf6835ff77f0b7e80c0f83cc1f501fb5e012812
263,5800,5783,5797,1,9970,0,3,True,FOSSILIZED,2026-01-01T00:04:23Z,CTT,⧊,6ca3631494e0ab360d79937ddaf6835ff77f0b7e80c0f83cc1f501fb5e012812,fe0019327e1ce7c45cea2b0c1388095d53c4bba6f8604c347178587e49cbc8bb
264,5797,5780,5794,1,9970,0,3,True,FOSSILIZED,2026-01-01T00:04:24Z,ATG,⧖⧖,fe0019327e1ce7c45cea2b0c1388095d53c4bba6f8604c347178587e49cbc8bb,478ebbc043c26edec3b3cf7456e98c265e5ee4fb9a5c035d6c799e156258ad31
265,5794,5777,5791,1,9970,0,3,True,FOSSILIZED,2026-01-01T00:04:25Z,CCC,⧃⧃,478ebbc043c26edec3b3cf7456e98c265e5ee4fb9a5c035d6c799e156258ad31,9c629e5f1fb7f6b580ead28942fae7621a3aaa26fc9e249afb1f8b156722040a
266,5791,5774,5787,0,9959,1,4,True,FOSSILIZED,2026-01-01T00:04:26Z,TTG,⧖⧊,9c629e5f1fb7f6b580ead28942fae7621a3aaa26fc9e249afb1f8b156722040a,6a24c6a333429d63ede6ffe4c0232318a637e96584ebc34f7f295454a64aeb6b
267,5787,5770,5784,1,9969,1,3,True,FOSSILIZED,2026-01-01T00:04:27Z,AAA,⧉,6a24c6a333429d63ede6ffe4c0232318a637e96584ebc34f7f295454a64aeb6b,5f490abc2949215f48ec4f8768b4a2813f80e2128d2ab98854bfa1120cd2c567
268,5784,5767,5780,0,9959,1,4,True,FOSSILIZED,2026-01-01T00:04:28Z,TTC,⧈,5f490abc2949215f48ec4f8768b4a2813f80e2128d2ab98854bfa1120cd2c567,6c318ec445919405d69be9cfa8b53afd712415f351be5a7211c19330fd5cca54
269,5780,5763,5777,1,9969,1,3,True,FOSSILIZED,2026-01-01T00:04:29Z,GAC,⧆,6c318ec445919405d69be9cfa8b53afd712415f351be5a7211c19330fd5cca54,8692d9a8a901be86ef0cdf8a17d16c77950337f011fe1b66693807b05cee0b85
270,5777,5760,5774,1,9970,0,3,True,FOSSILIZED,2026-01-01T00:04:30Z,ATC,⧇,8692d9a8a901be86ef0cdf8a17d16c77950337f011fe1b66693807b05cee0b85,9b5d9a5c3aa860a84acfdca2a8ae4cd5a2ea198bcc3827427e9332260124603b
271,5774,5757,5770,0,9959,1,4,True,FOSSILIZED,2026-01-01T00:04:31Z,CTT,⧊,9b5d9a5c3aa860a84acfdca2a8ae4cd5a2ea198bcc3827427e9332260124603b,3a20b9f1f4a05014e38c78dc71db4f5d042286fbafa38fd96fcde3fa85e55813
272,5770,5753,5765,-1,9949,1,5,True,FOSSILIZED,2026-01-01T00:04:32Z,ATG,⧖⧖,3a20b9f1f4a05014e38c78dc71db4f5d042286fbafa38fd96fcde3fa85e55813,7edc20860923e469397b479710e510e0f73ff7fcf2e5c2911619b62d27b5794d
273,5765,5748,5760,-1,9950,0,5,True,FOSSILIZED,2026-01-01T00:04:33Z,CCC,⧃⧃,7edc20860923e469397b479710e510e0f73ff7fcf2e5c2911619b62d27b5794d,efb50b0e632da80ad977481bfdab51e3df683638fd41bb913777310927bf3da7
274,5760,5743,5757,1,9968,2,3,True,FOSSILIZED,2026-01-01T00:04:34Z,TTG,⧖⧊,efb50b0e632da80ad977481bfdab51e3df683638fd41bb913777310927bf3da7,ee6b05bcd3cc3e4ae53a86e41ab6fd02e14845ccd1af2a33bff95e3465f0a327
275,5757,5740,5754,1,9970,0,3,True,FOSSILIZED,2026-01-01T00:04:35Z,AAA,⧉,ee6b05bcd3cc3e4ae53a86e41ab6fd02e14845ccd1af2a33bff95e3465f0a327,ab90a4294cc96790d537206514d4ba91efc55154a53402fb87d4d61cf3565fc8
276,5754,5737,5750,0,9959,1,4,True,FOSSILIZED,2026-01-01T00:04:36Z,TTC,⧈,ab90a4294cc96790d537206514d4ba91efc55154a53402fb87d4d61cf3565fc8,3283989e18ee36379f1b518b114a31992b7220a78049f433490b63538a8de7b1
277,5750,5733,5747,1,9969,1,3,True,FOSSILIZED,2026-01-01T00:04:37Z,GAC,⧆,3283989e18ee36379f1b518b114a31992b7220a78049f433490b63538a8de7b1,7e676e5f3e5cec6c5b7063e2d7279d8ea8b97f1e4d21fef834ec2b78df61ca05
278,5747,5730,5744,1,9970,0,3,True,FOSSILIZED,2026-01-01T00:04:38Z,ATC,⧇,7e676e5f3e5cec6c5b7063e2d7279d8ea8b97f1e4d21fef834ec2b78df61ca05,79592dab46816fde40f9c3c7f800aa8bc04dac5d431d475b7598a79bc590dac1
279,5744,5727,5739,-1,9948,2,5,True,FOSSILIZED,2026-01-01T00:04:39Z,CTT,⧊,79592dab46816fde40f9c3c7f800aa8bc04dac5d431d475b7598a79bc590dac1,cc639fc78cf80cb85b42b65b5d1248eca82bd9d0a36452769aa11cbfda9d73f1
280,5739,5722,5735,0,9959,1,4,True,FOSSILIZED,2026-01-01T00:04:40Z,ATG,⧖⧖,cc639fc78cf80cb85b42b65b5d1248eca82bd9d0a36452769aa11cbfda9d73f1,d0e3a5bda05fba00f447558dd7a95b8edb1e004bc3f4dd67bce8c74f5a340a45
281,5735,5718,5731,0,9960,0,4,True,FOSSILIZED,2026-01-01T00:04:41Z,CCC,⧃⧃,d0e3a5bda05fba00f447558dd7a95b8edb1e004bc3f4dd67bce8c74f5a340a45,05250bbce134c62066dfd6caaa23a7fa153b84749059c4cedcedba0ec8e6412b
282,5731,5714,5727,0,9960,0,4,True,FOSSILIZED,2026-01-01T00:04:42Z,TTG,⧖⧊,05250bbce134c62066dfd6caaa23a7fa153b84749059c4cedcedba0ec8e6412b,6f45af91d462cb79060694bc41148244fc7ca63663930ad0ec271c393c68d680
283,5727,5710,5723,0,9960,0,4,True,FOSSILIZED,2026-01-01T00:04:43Z,AAA,⧉,6f45af91d462cb79060694bc41148244fc7ca63663930ad0ec271c393c68d680,d9f87ccb13c7c274a76eeb78fdbe5f30b66100ac54ebe28183a05e8c34d9025d
284,5723,5706,5719,0,9960,0,4,True,FOSSILIZED,2026-01-01T00:04:44Z,TTC,⧈,d9f87ccb13c7c274a76eeb78fdbe5f30b66100ac54ebe28183a05e8c34d9025d,d2036d0b10d2c892f88836fbb77bde1f231478bfd46a1e776503255d0bdc71b3
285,5719,5702,5715,0,9960,0,4,True,FOSSILIZED,2026-01-01T00:04:45Z,GAC,⧆,d2036d0b10d2c892f88836fbb77bde1f231478bfd46a1e776503255d0bdc71b3,01d9cd8134d2b427cf0b712281b029dce7f43d2fcc583d97a5fef729d117dfa6
286,5715,5698,5710,-1,9949,1,5,True,FOSSILIZED,2026-01-01T00:04:46Z,ATC,⧇,01d9cd8134d2b427cf0b712281b029dce7f43d2fcc583d97a5fef729d117dfa6,0177d60ecdbf2ae5e6e35ca0679a6c77d9a84ddde820f5ce71b5f94777a9a5bc
287,5710,5693,5707,1,9968,2,3,True,FOSSILIZED,2026-01-01T00:04:47Z,CTT,⧊,0177d60ecdbf2ae5e6e35ca0679a6c77d9a84ddde820f5ce71b5f94777a9a5bc,6fcea4cd643992e4aa68331d207fe708fa7a15fff0849e85bdeed229833402e5
288,5707,5690,5704,1,9970,0,3,True,FOSSILIZED,2026-01-01T00:04:48Z,ATG,⧖⧖,6fcea4cd643992e4aa68331d207fe708fa7a15fff0849e85bdeed229833402e5,5dfb53ee0fec12952d3ada53f536a8f91b2637a76d25305c97802e4314a37789
289,5704,5687,5700,0,9959,1,4,True,FOSSILIZED,2026-01-01T00:04:49Z,CCC,⧃⧃,5dfb53ee0fec12952d3ada53f536a8f91b2637a76d25305c97802e4314a37789,dcdb9a219b2565fa46763a9e4f2aea2df36b8a61ed344a0adeea04a1b1f5f604
290,5700,5683,5696,0,9960,0,4,True,FOSSILIZED,2026-01-01T00:04:50Z,TTG,⧖⧊,dcdb9a219b2565fa46763a9e4f2aea2df36b8a61ed344a0adeea04a1b1f5f604,743e9f281ff1df89d979d489c33782fd54557074eaa06d5bf00e8884f86844ce
291,5696,5679,5692,0,9960,0,4,True,FOSSILIZED,2026-01-01T00:04:51Z,AAA,⧉,743e9f281ff1df89d979d489c33782fd54557074eaa06d5bf00e8884f86844ce,1f028d274ee4ef366e16fa2f648f40123f56a4004234e63ea31ca9080bd3ead5
292,5692,5675,5687,-1,9949,1,5,True,FOSSILIZED,2026-01-01T00:04:52Z,TTC,⧈,1f028d274ee4ef366e16fa2f648f40123f56a4004234e63ea31ca9080bd3ead5,50912ef2bf1bdf045ec140dc5c32b54c9766c1049b96115361d1a4589f3c4e5e
293,5687,5670,5684,1,9968,2,3,True,FOSSILIZED,2026-01-01T00:04:53Z,GAC,⧆,50912ef2bf1bdf045ec140dc5c32b54c9766c1049b96115361d1a4589f3c4e5e,2eb7b69ffa6c19128fa7f871962736da9fc34ba512520788881a76686c955ab2
294,5684,5667,5681,1,9970,0,3,True,FOSSILIZED,2026-01-01T00:04:54Z,ATC,⧇,2eb7b69ffa6c19128fa7f871962736da9fc34ba512520788881a76686c955ab2,b1ea06f604d97d2f3e050b48514de96e63fe48d144adb208275b74fc9a0d0f75
295,5681,5664,5678,1,9970,0,3,True,FOSSILIZED,2026-01-01T00:04:55Z,CTT,⧊,b1ea06f604d97d2f3e050b48514de96e63fe48d144adb208275b74fc9a0d0f75,a2eece4bc530cf217906745af9940d94404c00ce76fa472ec00aab954149f773
296,5678,5661,5675,1,9970,0,3,True,FOSSILIZED,2026-01-01T00:04:56Z,ATG,⧖⧖,a2eece4bc530cf217906745af9940d94404c00ce76fa472ec00aab954149f773,b51e8ed77c5b87432e12b8cb02c8a95b434f85f670120f99938539dbb90033dc
297,5675,5658,5671,0,9959,1,4,True,FOSSILIZED,2026-01-01T00:04:57Z,CCC,⧃⧃,b51e8ed77c5b87432e12b8cb02c8a95b434f85f670120f99938539dbb90033dc,e55545e169d39d0994023b026bbef9c514cc85bd75b34fc87c9035c78107ff73
298,5671,5654,5667,0,9960,0,4,True,FOSSILIZED,2026-01-01T00:04:58Z,TTG,⧖⧊,e55545e169d39d0994023b026bbef9c514cc85bd75b34fc87c9035c78107ff73,135385814a034ad0a546e2dd2a7b518e63548b00e740baa492d93275d477d35c
299,5667,5650,5662,-1,9949,1,5,True,FOSSILIZED,2026-01-01T00:04:59Z,AAA,⧉,135385814a034ad0a546e2dd2a7b518e63548b00e740baa492d93275d477d35c,1fb2dbb6a9e40948a0e75e8ad9783967d4e20b44e2d41d269f1e6dca4f3e89ef
300,5662,5645,5658,0,9959,1,4,True,FOSSILIZED,2026-01-01T00:05:00Z,TTC,⧈,1fb2dbb6a9e40948a0e75e8ad9783967d4e20b44e2d41d269f1e6dca4f3e89ef,46a101c178375d8451f77c747c9ef4e14b970110a34e3d347d3f277c6ad42ed6
301,5658,5641,5654,0,9960,0,4,True,FOSSILIZED,2026-01-01T00:05:01Z,GAC,⧆,46a101c178375d8451f77c747c9ef4e14b970110a34e3d347d3f277c6ad42ed6,39f74e5370476ececf32e95701dea6b9ff8a6875c7764bea59d5412c92b5410a
302,5654,5637,5649,-1,9949,1,5,True,FOSSILIZED,2026-01-01T00:05:02Z,ATC,⧇,39f74e5370476ececf32e95701dea6b9ff8a6875c7764bea59d5412c92b5410a,2d25435915dab569a4fb9a49aa431cd2f4b127e698c0c1f53f052d500ea6e7fa
303,5649,5632,5645,0,9959,1,4,True,FOSSILIZED,2026-01-01T00:05:03Z,CTT,⧊,2d25435915dab569a4fb9a49aa431cd2f4b127e698c0c1f53f052d500ea6e7fa,900d800958000dddfc2458aa9f446bfe6394e91bc3662ba84ec2e361576d6fea
304,5645,5628,5640,-1,9949,1,5,True,FOSSILIZED,2026-01-01T00:05:04Z,ATG,⧖⧖,900d800958000dddfc2458aa9f446bfe6394e91bc3662ba84ec2e361576d6fea,095e42f6d4e2916ca98734916df7d94d1674e3b29eeec23ce45389c7c335acc6
305,5640,5623,5636,0,9959,1,4,True,FOSSILIZED,2026-01-01T00:05:05Z,CCC,⧃⧃,095e42f6d4e2916ca98734916df7d94d1674e3b29eeec23ce45389c7c335acc6,b8b4b9553966834e11a1fdcf3cc63c19fea4d2b977bc529b51c978e499c00229
306,5636,5619,5632,0,9960,0,4,True,FOSSILIZED,2026-01-01T00:05:06Z,TTG,⧖⧊,b8b4b9553966834e11a1fdcf3cc63c19fea4d2b977bc529b51c978e499c00229,721c9f38705147e7b39eac4ac38e416b1825d477f9c354478402e4620b76384e
307,5632,5615,5627,-1,9949,1,5,True,FOSSILIZED,2026-01-01T00:05:07Z,AAA,⧉,721c9f38705147e7b39eac4ac38e416b1825d477f9c354478402e4620b76384e,fc70d8ee41c9b398ba4f4b78781ccaf665c9a5cec61a79f8d0ae44864aa8b867
308,5627,5609,5622,-1,9950,0,5,True,FOSSILIZED,2026-01-01T00:05:08Z,TTC,⧈,fc70d8ee41c9b398ba4f4b78781ccaf665c9a5cec61a79f8d0ae44864aa8b867,549a95999cdcc75e866c9df82acc2b96ec18ad1da355d25ae2a9044c1b84897b
309,5622,5604,5619,1,9968,2,3,True,FOSSILIZED,2026-01-01T00:05:09Z,GAC,⧆,549a95999cdcc75e866c9df82acc2b96ec18ad1da355d25ae2a9044c1b84897b,454e9a0aec15a2ad4554519902b2471e96c7282720003e2945bb544107cfb116
310,5619,5601,5615,0,9959,1,4,True,FOSSILIZED,2026-01-01T00:05:10Z,ATC,⧇,454e9a0aec15a2ad4554519902b2471e96c7282720003e2945bb544107cfb116,273d2e5aa41609bcff590ad623779ae22b8899df3630fcb41e35f27acc9d5eae
311,5615,5597,5612,1,9969,1,3,True,FOSSILIZED,2026-01-01T00:05:11Z,CTT,⧊,273d2e5aa41609bcff590ad623779ae22b8899df3630fcb41e35f27acc9d5eae,ce9e849a4aad00683f52afd27720a049d773427630aef32a38c08c29ffea359b
312,5612,5594,5607,-1,9948,2,5,True,FOSSILIZED,2026-01-01T00:05:12Z,ATG,⧖⧖,ce9e849a4aad00683f52afd27720a049d773427630aef32a38c08c29ffea359b,529771adbd96d7a99532ed5c766fb2dda25e31b733c29fdd114b23240b0144c3
313,5607,5589,5603,0,9959,1,4,True,FOSSILIZED,2026-01-01T00:05:13Z,CCC,⧃⧃,529771adbd96d7a99532ed5c766fb2dda25e31b733c29fdd114b23240b0144c3,64cd84cf9c6dc6fc6cc08efd007fc2ce9b7dc1934162ff7157158a07b07e28af
314,5603,5585,5598,-1,9949,1,5,True,FOSSILIZED,2026-01-01T00:05:14Z,TTG,⧖⧊,64cd84cf9c6dc6fc6cc08efd007fc2ce9b7dc1934162ff7157158a07b07e28af,fd74c0a02afa95332c887bed9ae34be3e97c6e65113ab31b43bf9dc065aae832
315,5598,5580,5594,0,9959,1,4,True,FOSSILIZED,2026-01-01T00:05:15Z,AAA,⧉,fd74c0a02afa95332c887bed9ae34be3e97c6e65113ab31b43bf9dc065aae832,9c73824c089b717fa5cdfdc27ded86371a0a3cecd507f682ec6d3619573d7bc0
316,5594,5576,5589,-1,9949,1,5,True,FOSSILIZED,2026-01-01T00:05:16Z,TTC,⧈,9c73824c089b717fa5cdfdc27ded86371a0a3cecd507f682ec6d3619573d7bc0,d9ba61d50639b93ffa918f429531b0af7321b3c658c0417c83a5fa5d878fb5ff
317,5589,5571,5586,1,9968,2,3,True,FOSSILIZED,2026-01-01T00:05:17Z,GAC,⧆,d9ba61d50639b93ffa918f429531b0af7321b3c658c0417c83a5fa5d878fb5ff,034172e2b71a6c8efe87b9d5b0c06f2459fe9bcb64a7506f146b68e31def6732
318,5586,5568,5582,0,9959,1,4,True,FOSSILIZED,2026-01-01T00:05:18Z,ATC,⧇,034172e2b71a6c8efe87b9d5b0c06f2459fe9bcb64a7506f146b68e31def6732,0a3091d6f7b7fe12ae72a0756290536d7f59d2d2000f754b344d2d354086f9ca
319,5582,5564,5578,0,9960,0,4,True,FOSSILIZED,2026-01-01T00:05:19Z,CTT,⧊,0a3091d6f7b7fe12ae72a0756290536d7f59d2d2000f754b344d2d354086f9ca,a8d83f1d0ec1582b56bcef1f7799e0d4488f62c6a13f590fa515f823615ad4ad
